id,full_name,mlb_played_last,key_bbref,player_type
430911,David Aardsma,2015,aardsda01,Pitcher
472551,Fernando Abad,2019,abadfe01,Pitcher
650556,Bryan Abreu,2019,abreubr01,Pitcher
444874,Juan Abreu,2011,abreuju01,Pitcher
275700,Winston Abreu,2009,abreuwi01,Pitcher
435618,Jeremy Accardo,2012,accarje01,Pitcher
469686,Alfredo Aceves,2014,aceveal01,Pitcher
592091,A. J. Achter,2016,achteaj01,Pitcher
407924,Manny Acosta,2012,acostma01,Pitcher
592094,Jason Adam,2019,adamja01,Pitcher
613534,Austin Adams,2019,adamsau02,Pitcher
542866,Austin Adams,2019,adamsau01,Pitcher
664856,Chance Adams,2019,adamsch01,Pitcher
430606,Mike Adams,2014,adamsmi03,Pitcher
502264,Nathan Adcock,2015,adcocna01,Pitcher
444440,Nick Adenhart,2009,adenhni01,Pitcher
424668,Jon Adkins,2008,adkinjo01,Pitcher
534947,Tim Adleman,2017,adlemti01,Pitcher
346793,Jeremy Affeldt,2015,affelje01,Pitcher
642607,Dario Agrazal,2019,agrazda01,Pitcher
595798,R. J. Alaniz,2019,alanirj01,Pitcher
452293,Jonathan Albaladejo,2012,albaljo01,Pitcher
452027,Andrew Albers,2017,alberan01,Pitcher
458006,Matt Albers,2019,alberma01,Pitcher
456379,Al Alburquerque,2017,albural01,Pitcher
660896,Jorge Alcala,2019,alcaljo01,Pitcher
593417,Raul Alcantara,2017,alcanra01,Pitcher
645261,Sandy Alcantara,2019,alcansa01,Pitcher
622505,Victor Alcantara,2019,alcanvi01,Pitcher
641302,Tyler Alexander,2019,alexaty01,Pitcher
663465,Kolby Allard,2019,allarko01,Pitcher
592102,Cody Allen,2019,allenco01,Pitcher
663531,Logan Allen,2019,allenlo01,Pitcher
602083,Miguel Almonte,2018,almonmi01,Pitcher
622075,Yency Almonte,2019,almonye01,Pitcher
656186,Dan Altavilla,2019,altavda01,Pitcher
621237,Jose Alvarado,2019,alvarjo03,Pitcher
516714,Dario Alvarez,2017,alvarda01,Pitcher
506693,Henderson Alvarez,2017,alvarhe01,Pitcher
501625,Jose Alvarez,2019,alvarjo02,Pitcher
571439,R. J. Alvarez,2015,alvarrj01,Pitcher
640470,Adbert Alzolay,2019,alzolad01,Pitcher
459932,Hector Ambriz,2014,ambrihe01,Pitcher
571441,Steve Ames,2013,amesst01,Pitcher
474463,Brett Anderson,2019,anderbr04,Pitcher
502624,Chase Anderson,2019,anderch01,Pitcher
594736,Cody Anderson,2019,anderco01,Pitcher
623454,Drew Anderson,2019,anderdr02,Pitcher
605121,Justin Anderson,2019,anderju01,Pitcher
623433,Nick Anderson,2019,anderni01,Pitcher
641312,Shaun Anderson,2019,andersh01,Pitcher
664196,Tanner Anderson,2019,anderta01,Pitcher
542881,Tyler Anderson,2019,anderty01,Pitcher
542882,Matt Andriese,2019,andrima01,Pitcher
542884,Dustin Antolin,2016,antoldu01,Pitcher
425628,Greg Aquino,2009,aquingr01,Pitcher
593969,Jayson Aquino,2017,aquinja01,Pitcher
644364,Victor Arano,2019,aranovi01,Pitcher
542587,Elvis Araujo,2016,araujel01,Pitcher
606478,Pedro Araujo,2019,araujpe01,Pitcher
502042,Chris Archer,2019,archech01,Pitcher
464244,Alberto Arias,2009,ariasal02,Pitcher
150393,Tony Armas,2008,armasto02,Pitcher
660494,Rogelio Armenteros,2019,armenro01,Pitcher
542888,Shawn Armstrong,2019,armstsh01,Pitcher
608167,Jonathan Aro,2016,arojo01,Pitcher
461766,Jose Arredondo,2012,arredjo01,Pitcher
453562,Jake Arrieta,2019,arrieja01,Pitcher
276520,Bronson Arroyo,2017,arroybr01,Pitcher
448857,Jose Ascanio,2011,ascanjo01,Pitcher
446003,Jairo Asencio,2013,valdelu01,Pitcher
594742,Alec Asher,2018,asheral01,Pitcher
592120,Barrett Astin,2017,astinba01,Pitcher
425786,Scott Atchison,2015,atchisc01,Pitcher
457447,Luis Atilano,2010,atilalu01,Pitcher
444444,Mitch Atkins,2011,atkinmi01,Pitcher
446248,Bryan Augenstein,2011,augenbr01,Pitcher
518418,Phillippe Aumont,2015,aumonph01,Pitcher
658648,Pedro Avila,2019,avilape01,Pitcher
501593,Luis Avilan,2019,avilalu01,Pitcher
518420,Dylan Axelrod,2015,axelrdy01,Pitcher
446099,John Axford,2018,axforjo01,Pitcher
425646,Luis Ayala,2013,ayalalu01,Pitcher
407840,Brandon Backe,2009,backebr01,Pitcher
488674,Burke Badenhop,2015,badenbu01,Pitcher
430657,Cha-Seung Baek,2008,baekch01,Pitcher
276056,Danys Báez,2011,baezda01,Pitcher
673258,Michel Báez,2019,baezmi01,Pitcher
520980,Pedro Baez,2019,baezpe01,Pitcher
622783,Sandy Baez,2019,baezsa01,Pitcher
457732,Andrew Bailey,2017,bailean01,Pitcher
456701,Homer Bailey,2019,baileho02,Pitcher
435044,Scott Baker,2015,bakersc02,Pitcher
150469,John Bale,2009,balejo01,Pitcher
444446,Collin Balester,2015,balesco01,Pitcher
346797,Grant Balfour,2015,balfogr01,Pitcher
607455,Anthony Banda,2019,bandaan01,Pitcher
457468,Josh Banks,2010,banksjo01,Pitcher
446454,Brian Bannister,2010,bannibr01,Pitcher
544365,Manny Banuelos,2019,banuema01,Pitcher
592127,Johnny Barbato,2018,barbajo01,Pitcher
453268,Daniel Bard,2013,bardda01,Pitcher
572703,Luke Bard,2019,bardlu01,Pitcher
605130,Scott Barlow,2019,barlosc01,Pitcher
592130,Danny Barnes,2018,barneda02,Pitcher
606930,Jacob Barnes,2019,barneja01,Pitcher
598264,Matt Barnes,2019,barnema01,Pitcher
488683,Scott Barnes,2013,barnesc01,Pitcher
501817,Tony Barnette,2019,barneto01,Pitcher
607457,Kyle Barraclough,2019,barraky01,Pitcher
502578,Aaron Barrett,2019,barreaa01,Pitcher
545332,Jake Barrett,2019,barreja01,Pitcher
642545,Jaime Barria,2019,barrija01,Pitcher
553872,Yhonathan Barrios,2015,barriyh01,Pitcher
444864,Jimmy Barthmaier,2008,barthji01,Pitcher
641341,Tyler Bashlor,2019,bashlty01,Pitcher
542914,Anthony Bass,2019,bassan01,Pitcher
430654,Brian Bass,2010,bassbr01,Pitcher
605135,Chris Bassitt,2019,bassich01,Pitcher
455374,Antonio Bastardo,2017,bastaan01,Pitcher
110683,Miguel Batista,2012,batismi01,Pitcher
407400,Rick Bauer,2008,bauerri01,Pitcher
545333,Trevor Bauer,2019,bauertr01,Pitcher
571473,Buddy Baumann,2018,baumabu01,Pitcher
429714,Denny Bautista,2010,bautide01,Pitcher
639373,Gerson Bautista,2019,bautige01,Pitcher
434590,Yorman Bazardo,2009,bazaryo01,Pitcher
545404,Brandon Beachy,2015,beachbr01,Pitcher
446884,T. J. Beam,2008,beamtj01,Pitcher
474039,Pedro Beato,2017,beatope01,Pitcher
518444,Blake Beavan,2014,beavabl01,Pitcher
444447,Chad Beck,2012,beckch01,Pitcher
571476,Chris Beck,2018,beckch02,Pitcher
277417,Josh Beckett,2014,beckejo02,Pitcher
407853,Erik Bedard,2014,bedarer01,Pitcher
670280,David Bednar,2019,bednada01,Pitcher
592135,Cam Bedrosian,2019,bedroca01,Pitcher
595881,Tyler Beede,2019,beedety01,Pitcher
542923,Dallas Beeler,2015,beeleda01,Pitcher
346847,Joe Beimel,2015,beimejo01,Pitcher
506988,Mike Belfiore,2013,belfimi01,Pitcher
430613,Ronald Belisario,2015,belisro01,Pitcher
279571,Matt Belisle,2018,belisma01,Pitcher
542924,Jeff Beliveau,2018,belivje01,Pitcher
518445,Chad Bell,2018,bellch02,Pitcher
425514,Heath Bell,2014,bellhe01,Pitcher
457707,Trevor Bell,2014,belltr01,Pitcher
571479,Andrew Bellatti,2015,bellaan01,Pitcher
502102,Duane Below,2013,belowdu01,Pitcher
407779,Francis Beltran,2008,beltrfr01,Pitcher
449110,Omar Beltre,2010,beltrom01,Pitcher
110859,Armando Benitez,2008,benitar01,Pitcher
430831,Jeff Bennett,2009,benneje01,Pitcher
276542,Joaquin Benoit,2017,benoijo01,Pitcher
150249,Kris Benson,2010,bensokr01,Pitcher
448753,Justin Berg,2011,bergju01,Pitcher
664157,Travis Bergen,2019,bergetr01,Pitcher
448269,Brad Bergesen,2012,bergebr02,Pitcher
548357,Christian Bergman,2018,bergmch01,Pitcher
456589,Jason Bergmann,2010,bergmja01,Pitcher
460072,Jason Berken,2012,berkeja01,Pitcher
621244,Jose Berrios,2019,berrijo01,Pitcher
476454,Dellin Betances,2019,betande01,Pitcher
429783,Rafael Betancourt,2015,betanra01,Pitcher
518452,Chad Bettis,2019,bettich01,Pitcher
607352,Joe Biagini,2019,biagijo01,Pitcher
502212,Austin Bibens-Dirkx,2018,bibenau01,Pitcher
592145,Jesse Biddle,2019,biddlje01,Pitcher
669456,Shane Bieber,2019,biebesh01,Pitcher
457452,Randor Bierd,2008,bierdra01,Pitcher
501852,Bruce Billings,2014,billibr02,Pitcher
451532,Chad Billingsley,2015,billich01,Pitcher
613317,Kyle Bird,2019,birdky01,Pitcher
451256,Kurt Birkins,2008,birkiku01,Pitcher
445202,Joe Bisenius,2010,bisenjo01,Pitcher
621389,Ty Blach,2019,blachty01,Pitcher
605143,Ray Black,2019,blackra01,Pitcher
502195,Vic Black,2014,blackvi01,Pitcher
448147,Nick Blackburn,2012,blackni01,Pitcher
621112,Paul Blackburn,2019,blackpa01,Pitcher
429715,Travis Blackley,2013,blacktr01,Pitcher
594760,Aaron Blair,2017,blairaa01,Pitcher
430599,Joe Blanton,2017,blantjo01,Pitcher
518468,Michael Blazek,2019,blazemi01,Pitcher
542946,Jeremy Bleich,2018,bleicje01,Pitcher
542947,Richard Bleier,2019,bleieri01,Pitcher
460283,Jerry Blevins,2019,blevije01,Pitcher
594762,Brett Bochy,2015,bochybr02,Pitcher
459939,Mitchell Boggs,2013,boggsmi01,Pitcher
671790,Ronald Bolanos,2019,bolanro01,Pitcher
502211,Mike Bolsinger,2017,bolsimi01,Pitcher
425827,Jeremy Bonderman,2013,bondeje01,Pitcher
570810,Lisalverto Bonilla,2017,bonilli01,Pitcher
444382,Eddie Bonine,2010,bonined01,Pitcher
425818,Boof Bonser,2010,bonsebo01,Pitcher
408052,Chris Bootcheck,2013,bootcch01,Pitcher
150185,Dave Borkowski,2008,borkoda01,Pitcher
111244,Joe Borowski,2008,borowjo01,Pitcher
621366,Ryan Borucki,2019,borucry01,Pitcher
517448,Wilfredo Boscan,2016,boscawi01,Pitcher
542953,Buddy Boshers,2019,boshebu01,Pitcher
630263,James Bourque,2019,bourqja01,Pitcher
476601,Michael Bowden,2013,bowdemi01,Pitcher
276914,Cedrick Bowers,2010,bowerce01,Pitcher
150295,Micah Bowie,2008,bowiemi01,Pitcher
621199,Matthew Bowman,2019,bowmama01,Pitcher
502202,Brad Boxberger,2019,boxbebr01,Pitcher
571510,Matt Boyd,2019,boydma01,Pitcher
430641,Blaine Boyer,2018,boyerbl01,Pitcher
542960,Brad Brach,2019,brachbr01,Pitcher
611093,Silvino Bracho,2018,brachsi01,Pitcher
457581,Andrew Brackman,2011,brackan01,Pitcher
488722,Zach Braddock,2011,braddza01,Pitcher
460284,Dallas Braden,2011,bradeda01,Pitcher
136268,Chad Bradford,2009,bradfch01,Pitcher
607473,Chase Bradford,2019,bradfch02,Pitcher
605151,Archie Bradley,2019,bradlar01,Pitcher
605152,Jed Bradley,2016,bradlje01,Pitcher
572728,Michael Brady,2017,bradymi01,Pitcher
518489,Ryan Brasier,2019,brasiry01,Pitcher
643230,Steven Brault,2019,braulst01,Pitcher
435538,Bill Bray,2012,braybi01,Pitcher
430674,Yhency Brazoban,2011,brazoyh01,Pitcher
605154,John Brebbia,2019,brebbjo01,Pitcher
592165,Brandon Brennan,2019,brennbr01,Pitcher
444520,Craig Breslow,2017,breslcr01,Pitcher
502033,Charles Brewer,2013,brewech01,Pitcher
605155,Colten Brewer,2019,breweco01,Pitcher
592169,Austin Brice,2019,briceau01,Pitcher
592170,Parker Bridwell,2018,bridwpa01,Pitcher
502010,Jake Brigham,2015,brighja01,Pitcher
656257,Jeff Brigham,2019,brighje01,Pitcher
461904,Chris Britton,2008,brittch01,Pitcher
518493,Drake Britton,2014,brittdr01,Pitcher
502154,Zack Britton,2019,brittza01,Pitcher
473560,Lance Broadway,2009,broadla01,Pitcher
458678,Mike Broadway,2016,broadmi01,Pitcher
111492,Doug Brocail,2009,brocado01,Pitcher
518495,Brian Broderick,2011,brodebr01,Pitcher
605156,Aaron Brooks,2019,brookaa01,Pitcher
571521,Rex Brothers,2018,brothre01,Pitcher
408046,Andrew Brown,2008,brownan01,Pitcher
453156,Brooks Brown,2015,brownbr02,Pitcher
446135,Barret Browning,2012,brownba01,Pitcher
455009,Jonathan Broxton,2017,broxtjo01,Pitcher
445204,Tyson Brummett,2012,brummty01,Pitcher
430663,Brian Bruney,2012,brunebr01,Pitcher
571527,David Buchanan,2015,buchada01,Pitcher
594772,Jake Buchanan,2017,buchaja01,Pitcher
453329,Clay Buchholz,2019,buchhcl01,Pitcher
430587,Taylor Buchholz,2011,buchhta01,Pitcher
488748,Ryan Buchter,2019,buchtry01,Pitcher
434438,Billy Buckner,2014,bucknbi02,Pitcher
621111,Walker Buehler,2019,buehlwa01,Pitcher
279824,Mark Buehrle,2015,buehrma01,Pitcher
499107,Francisley Bueno,2014,buenofr01,Pitcher
502055,Jay Buente,2011,buentja01,Pitcher
424426,Ryan Bukvich,2008,bukviry01,Pitcher
408072,Jason Bulger,2011,bulgeja01,Pitcher
425860,Bryan Bullington,2010,bullibr01,Pitcher
518516,Madison Bumgarner,2019,bumgama01,Pitcher
607481,Aaron Bummer,2019,bummeaa01,Pitcher
605164,Dylan Bundy,2019,bundydy01,Pitcher
592181,Danny Burawa,2015,burawda01,Pitcher
595897,Nick Burdi,2019,burdini01,Pitcher
542609,Enrique Burgos,2016,burgoen02,Pitcher
572744,Hiram Burgos,2013,burgohi01,Pitcher
656271,Brock Burke,2019,burkebr01,Pitcher
457566,Greg Burke,2013,burkegr01,Pitcher
669203,Corbin Burnes,2019,burneco01,Pitcher
488751,Alex Burnett,2013,burneal01,Pitcher
430634,Sean Burnett,2016,burnese01,Pitcher
451132,Cory Burns,2013,burnsco01,Pitcher
446916,Mike Burns,2009,burnsmi01,Pitcher
621114,Ryan Burr,2019,burrry01,Pitcher
434638,Brian Burres,2011,burrebr01,Pitcher
454537,Jared Burton,2014,burtoja01,Pitcher
501936,Matt Buschmann,2016,buschma01,Pitcher
641427,Alan Busenitz,2018,busenal01,Pitcher
433657,Dave Bush,2013,bushda01,Pitcher
456713,Matt Bush,2018,bushma01,Pitcher
572750,Eddie Butler,2018,butleed01,Pitcher
453332,Josh Butler,2009,butlejo03,Pitcher
572751,Keith Butler,2014,butleke01,Pitcher
621142,Ty Buttrey,2019,buttrty01,Pitcher
111838,Paul Byrd,2009,byrdpa01,Pitcher
136263,Tim Byrdak,2013,byrdati01,Pitcher
501627,Cesar Cabral,2015,cabrace01,Pitcher
501227,Alberto Cabrera,2013,cabreal03,Pitcher
425555,Daniel Cabrera,2009,cabreda01,Pitcher
542369,Edwar Cabrera,2012,cabreed01,Pitcher
425507,Fernando Cabrera,2010,cabrefe01,Pitcher
650893,Genesis Cabrera,2019,cabrege01,Pitcher
606291,Mauricio Cabrera,2016,cabrema01,Pitcher
502239,Trevor Cahill,2019,cahiltr01,Pitcher
430912,Matt Cain,2017,cainma01,Pitcher
425606,Kiko Calero,2009,calerki01,Pitcher
621094,Jamie Callahan,2017,callaja01,Pitcher
452298,Kevin Cameron,2009,camerke01,Pitcher
491708,Arquimedes Caminero,2016,caminar01,Pitcher
425861,Shawn Camp,2014,campsh01,Pitcher
435658,Jorge Campillo,2009,campijo01,Pitcher
599998,Leonel Campos,2017,campole01,Pitcher
656288,Griffin Canning,2019,cannigr01,Pitcher
430642,Jose Capellan,2008,capeljo01,Pitcher
605169,Carter Capps,2017,cappsca01,Pitcher
448165,Matt Capps,2012,cappsma01,Pitcher
425626,Chris Capuano,2016,capuach01,Pitcher
571539,Matt Carasiti,2019,carasma01,Pitcher
534428,Esmailin Caridad,2010,carides01,Pitcher
446398,Andrew Carignan,2012,carigan01,Pitcher
641438,Shane Carle,2019,carlesh01,Pitcher
434482,Jesse Carlson,2010,carlsje01,Pitcher
234194,Buddy Carlyle,2015,carlybu01,Pitcher
112020,Chris Carpenter,2012,carpech01,Pitcher
452764,Chris Carpenter,2012,carpech02,Pitcher
502304,David Carpenter,2019,carpeda01,Pitcher
518526,David Carpenter,2015,carpeda02,Pitcher
502165,Drew Carpenter,2012,carpean01,Pitcher
543001,Ryan Carpenter,2019,carpery01,Pitcher
471911,Carlos Carrasco,2019,carraca01,Pitcher
425647,D. J. Carrasco,2012,carradj01,Pitcher
468528,Joel Carreno,2012,carrejo01,Pitcher
460044,Cesar Carrillo,2009,carrice01,Pitcher
606944,Cody Carroll,2018,carroco01,Pitcher
453222,Scott Carroll,2016,carrosc02,Pitcher
518533,Robert Carson,2013,carsoro01,Pitcher
488768,Andrew Cashner,2019,cashnan01,Pitcher
433586,Santiago Casilla,2018,garcija01,Pitcher
445222,Jack Cassel,2008,casseja01,Pitcher
445001,Bobby Cassevah,2012,cassebo01,Pitcher
441368,Alberto Castillo,2011,castial02,Pitcher
650895,Diego Castillo,2019,castidi01,Pitcher
503566,Fabio Castillo,2017,castifa01,Pitcher
620454,Jose Castillo,2019,castijo03,Pitcher
516684,Lendy Castillo,2012,castile01,Pitcher
622491,Luis Castillo,2019,castilu02,Pitcher
502162,Angel Castro,2015,castran01,Pitcher
612434,Miguel Castro,2019,castrmi01,Pitcher
501563,Simon Castro,2017,castrsi01,Pitcher
656302,Dylan Cease,2019,ceasedy01,Pitcher
446399,Brett Cecil,2018,cecilbr01,Pitcher
469167,Jose Ceda,2011,cedajo01,Pitcher
458584,Xavier Cedeno,2019,cedenxa01,Pitcher
543017,Hunter Cervenka,2017,cervehu01,Pitcher
570666,Luis Cessa,2019,cessalu01,Pitcher
591701,Alejandro Chacin,2017,chacial01,Pitcher
407860,Gustavo Chacin,2010,chacigu01,Pitcher
468504,Jhoulys Chacin,2019,chacijh01,Pitcher
276336,Shawn Chacon,2008,chacosh01,Pitcher
605177,Andrew Chafin,2019,chafian01,Pitcher
501955,Joba Chamberlain,2016,chambjo03,Pitcher
547973,Aroldis Chapman,2019,chapmar01,Pitcher
488776,Jaye Chapman,2012,chapmja02,Pitcher
502087,Kevin Chapman,2016,chapmke02,Pitcher
608638,J. T. Chargois,2019,chargjt01,Pitcher
543022,Tyler Chatwood,2019,chatwty01,Pitcher
445926,Jesse Chavez,2019,chaveje01,Pitcher
136600,Bruce Chen,2015,chenbr01,Pitcher
612672,Wei-Yin Chen,2019,chenwe02,Pitcher
457122,Rocky Cherry,2008,cherrro01,Pitcher
453889,Matt Chico,2010,chicoma01,Pitcher
630023,Yonny Chirinos,2019,chiriyo01,Pitcher
329092,Randy Choate,2015,choatra01,Pitcher
543023,Nick Christiani,2014,chrisni01,Pitcher
425562,Vinnie Chulk,2012,chulkvi01,Pitcher
643256,Adam Cimber,2019,cimbead01,Pitcher
571561,Tony Cingrani,2018,cingrto01,Pitcher
518553,Steve Cishek,2019,cishest01,Pitcher
542585,Jose Cisnero,2019,cisnejo01,Pitcher
650644,Aaron Civale,2019,civalaa01,Pitcher
488782,Anthony Claggett,2009,claggan01,Pitcher
502011,Preston Claiborne,2017,claibpr01,Pitcher
503483,Zach Clark,2013,clarkza01,Pitcher
664199,Taylor Clarke,2019,clarkta01,Pitcher
661403,Emmanuel Clase,2019,claseem01,Pitcher
592222,Alex Claudio,2019,claudal01,Pitcher
518560,Paul Clemens,2016,clemepa02,Pitcher
521055,Maikel Cleto,2014,cletoma01,Pitcher
605182,Mike Clevinger,2019,clevimi01,Pitcher
461325,Tyler Clippard,2019,clippty01,Pitcher
543031,Tyler Cloyd,2018,cloydty01,Pitcher
502171,Alex Cobb,2019,cobbal01,Pitcher
445193,Robert Coello,2013,coellro01,Pitcher
434298,Todd Coffey,2012,coffeto01,Pitcher
457435,Phil Coke,2016,cokeph01,Pitcher
595918,A. J. Cole,2019,coleaj01,Pitcher
543037,Gerrit Cole,2019,colege01,Pitcher
518566,Taylor Cole,2019,coleta01,Pitcher
488787,Casey Coleman,2014,colemca01,Pitcher
488786,Louis Coleman,2018,colemlo01,Pitcher
525768,Tim Collins,2019,colliti01,Pitcher
518567,Josh Collmenter,2017,collmjo01,Pitcher
517008,Alex Colome,2019,colomal01,Pitcher
400125,Jesus Colome,2010,colomje01,Pitcher
112526,Bartolo Colon,2018,colonba01,Pitcher
571572,Joe Colon,2016,colonjo01,Pitcher
430638,Roman Colon,2012,colonro01,Pitcher
615868,Gerardo Concepción,2016,concege01,Pitcher
424925,Clay Condrey,2009,condrcl01,Pitcher
543045,Adam Conley,2019,conlead01,Pitcher
664869,P. J. Conlon,2018,conlopj01,Pitcher
542266,Carlos Contreras,2015,contrca01,Pitcher
425747,José Contreras,2013,contrjo01,Pitcher
346871,Aaron Cook,2012,cookaa01,Pitcher
475857,Ryan Cook,2018,cookry01,Pitcher
608641,Tim Cooney,2015,cooneti01,Pitcher
656322,Sam Coonrod,2019,coonrsa01,Pitcher
571577,Scott Copeland,2018,copelsc01,Pitcher
571578,Patrick Corbin,2019,corbipa01,Pitcher
542289,Daniel Corcino,2018,corcida01,Pitcher
429981,Roy Corcoran,2009,corcoro01,Pitcher
430101,Chad Cordero,2010,cordech01,Pitcher
150188,Francisco Cordero,2012,cordefr01,Pitcher
622772,Jimmy Cordero,2019,cordeji01,Pitcher
449170,Erik Cordier,2015,cordier01,Pitcher
132241,Bryan Corey,2008,coreybr01,Pitcher
433578,Lance Cormier,2011,cormila01,Pitcher
607405,John Cornely,2015,cornejo01,Pitcher
466918,Manny Corpas,2013,corpama01,Pitcher
429781,Kevin Correia,2015,correke01,Pitcher
451135,Dan Cortes,2011,corteda02,Pitcher
641482,Nestor Cortes,2019,cortene01,Pitcher
543054,Jarred Cosart,2017,cosarja01,Pitcher
571584,Caleb Cotham,2016,cothaca01,Pitcher
605194,Jharel Cotton,2017,cottojh01,Pitcher
425840,Neal Cotts,2015,cottsne01,Pitcher
543056,Danny Coulombe,2018,couloda01,Pitcher
592229,Dylan Covey,2019,coveydy01,Pitcher
430884,Jesse Crain,2013,crainje01,Pitcher
450864,Bobby Cramer,2011,cramebo01,Pitcher
572788,Tyler Cravy,2016,cravyty01,Pitcher
457751,Evan Crawford,2012,crawfev01,Pitcher
592233,Stefan Crichton,2019,crichst01,Pitcher
605195,Kyle Crick,2019,crickky01,Pitcher
641490,Kyle Crockett,2018,crockky01,Pitcher
518582,Casey Crosby,2012,crosbca01,Pitcher
453273,Michael Crotta,2011,crottmi01,Pitcher
543070,Aaron Crow,2014,crowaa01,Pitcher
425510,Francisco Cruceta,2008,crucefr01,Pitcher
407297,Juan Cruz,2012,cruzju02,Pitcher
462480,Rhiner Cruz,2018,cruzrh01,Pitcher
456501,Johnny Cueto,2019,cuetojo01,Pitcher
571035,William Cuevas,2018,cuevawi01,Pitcher
592238,Brandon Cumpton,2018,cumptbr01,Pitcher
594792,Brandon Cunniff,2016,cunnibr02,Pitcher
657205,Zac Curtis,2018,curtiza01,Pitcher
595928,John Curtiss,2019,curtijo02,Pitcher
430664,Casey Daigle,2010,daiglca01,Pitcher
457935,Matt Daley,2014,daleyma01,Pitcher
641501,Tyler Danish,2018,danisty01,Pitcher
433579,John Danks,2016,danksjo01,Pitcher
592244,Logan Darnell,2014,darnelo01,Pitcher
506433,Yu Darvish,2019,darviyu01,Pitcher
444360,Daniel Davidson,2009,davidda02,Pitcher
452656,Dave Davidson,2009,davidda01,Pitcher
434678,Kyle Davies,2015,davieky01,Pitcher
656354,Austin Davis,2019,davisau01,Pitcher
150277,Doug Davis,2011,davisdo02,Pitcher
458530,Erik Davis,2013,daviser02,Pitcher
425186,Jason Davis,2008,davisja02,Pitcher
606959,Rookie Davis,2019,davisro03,Pitcher
451584,Wade Davis,2019,daviswa01,Pitcher
594795,Grant Dayton,2019,daytogr01,Pitcher
518603,Justin De Fratus,2015,defraju01,Pitcher
608328,Chase De Jong,2019,dejonch01,Pitcher
448842,Frankie De La Cruz,2011,delaceu01,Pitcher
503444,Joel De La Cruz,2016,delacjo01,Pitcher
451773,Dane De La Rosa,2014,delarda01,Pitcher
545001,Eury De La Rosa,2014,delareu01,Pitcher
523989,Rubby De La Rosa,2017,delarru01,Pitcher
473265,Jose De La Torre,2013,delatjo01,Pitcher
501529,Jorge De Leon,2014,deleojo02,Pitcher
592254,Jose De Leon,2019,deleojo03,Pitcher
593582,Abel De Los Santos,2016,delosab01,Pitcher
660853,Enyel De Los Santos,2019,delosen01,Pitcher
501745,Fautino De Los Santos,2012,delosfa01,Pitcher
136304,Valerio De Los Santos,2008,delosva01,Pitcher
517059,Jose De Paula,2015,depaujo02,Pitcher
453301,Cole De Vries,2013,devrico01,Pitcher
534737,Pat Dean,2016,deanpa02,Pitcher
465679,Sam Deduno,2015,dedunsa01,Pitcher
657209,Dean Deetz,2018,deetzde01,Pitcher
594798,Jacob deGrom,2019,degroja01,Pitcher
600887,Miguel Del Pozo,2019,delpomi01,Pitcher
491688,Enerio Del Rosario,2012,delroen01,Pitcher
447755,Steve Delabar,2016,delabst01,Pitcher
503438,Rob Delaney,2011,delanro01,Pitcher
434668,Manny Delcarmen,2010,delcama01,Pitcher
445984,Jesus Delgado,2008,delgaje01,Pitcher
517414,Randall Delgado,2018,delgara01,Pitcher
451585,Sam Demel,2012,demelsa01,Pitcher
133225,Ryan Dempster,2013,dempsry01,Pitcher
572810,Ryan Dennick,2014,denniry01,Pitcher
571616,Matt Dermody,2017,dermoma01,Pitcher
451774,Matt DeSalvo,2008,desalma01,Pitcher
543101,Anthony DeSclafani,2019,desclan01,Pitcher
628333,Odrisamer Despaigne,2019,despaod01,Pitcher
113296,Elmer Dessens,2010,desseel01,Pitcher
446321,Ross Detwiler,2019,detwiro01,Pitcher
606965,Chris Devenski,2019,devench02,Pitcher
457733,Joey Devine,2011,devinjo01,Pitcher
539438,Scott Diamond,2016,diamosc01,Pitcher
435080,Thomas Diamond,2010,diamoth01,Pitcher
500765,Dayan Diaz,2017,diazda01,Pitcher
621242,Edwin Diaz,2019,diazed04,Pitcher
545064,Jairo Diaz,2019,diazja01,Pitcher
407872,Jose Diaz,2008,diazjo01,Pitcher
471822,Jumbo Diaz,2017,diazju03,Pitcher
622766,Miguel Diaz,2019,diazmi02,Pitcher
660546,Yennsy Diaz,2019,diazye01,Pitcher
505447,Brandon Dickson,2012,dicksbr01,Pitcher
670426,Phillip Diehl,2019,diehlph01,Pitcher
518617,Jake Diekman,2019,diekmja01,Pitcher
442707,Mark DiFelice,2011,difelma01,Pitcher
457422,Tim Dillard,2012,dillati01,Pitcher
430837,Lenny DiNardo,2009,dinarle01,Pitcher
677976,Randy Dobnak,2019,dobnara01,Pitcher
430617,Scott Dohmann,2008,dohmasc01,Pitcher
503569,Rafael Dolis,2013,dolisra01,Pitcher
451767,Freddy Dolsi,2009,dolsifr01,Pitcher
523848,Jose Dominguez,2016,dominjo01,Pitcher
622554,Seranthony Dominguez,2019,dominse01,Pitcher
407791,Brendan Donnelly,2010,donnebr01,Pitcher
448281,Sean Doolittle,2019,doolise01,Pitcher
136734,Octavio Dotel,2013,doteloc01,Pitcher
467094,Felix Doubront,2015,doubrfe01,Pitcher
664871,Kyle Dowdy,2019,dowdyky01,Pitcher
445153,Darin Downs,2014,downsda02,Pitcher
275933,Scott Downs,2014,downssc01,Pitcher
475138,Kyle Drabek,2016,drabeky01,Pitcher
543118,Oliver Drake,2019,drakeol01,Pitcher
407113,Justin Duchscherer,2010,duchsju01,Pitcher
346855,Brandon Duckworth,2008,duckwbr01,Pitcher
488846,Brian Duensing,2018,duensbr01,Pitcher
608648,Tyler Duffey,2019,duffety01,Pitcher
518633,Danny Duffy,2019,duffyda01,Pitcher
667498,Robert Dugger,2019,duggero01,Pitcher
435043,Zach Duke,2019,dukeza01,Pitcher
623430,Ryan Dull,2019,dullry01,Pitcher
430597,Phil Dumatrait,2011,dumatph01,Pitcher
643290,Justin Dunn,2019,dunnju01,Pitcher
445197,Mike Dunn,2019,dunnmi01,Pitcher
572827,Jake Dunning,2014,dunnija01,Pitcher
641541,Jon Duplantier,2019,duplajo01,Pitcher
657566,Montana DuRapau,2019,durapmo01,Pitcher
239795,Chad Durbin,2013,durbich01,Pitcher
543125,Chris Dwyer,2013,dwyerch01,Pitcher
473879,Sam Dyson,2019,dysonsa01,Pitcher
592280,Ryan Eades,2019,eadesry01,Pitcher
284566,Adam Eaton,2009,eatonad01,Pitcher
572831,Josh Edgin,2017,edginjo01,Pitcher
453580,Steve Edlefsen,2012,edlefst01,Pitcher
605218,Carl Edwards,2019,edwarca01,Pitcher
457754,Jon Edwards,2019,edwarjo02,Pitcher
621107,Zach Eflin,2019,eflinza01,Pitcher
455090,Jack Egbert,2012,egberja01,Pitcher
643297,Cody Ege,2016,egeco01,Pitcher
595191,Jerad Eickhoff,2019,eickhje01,Pitcher
455091,Mike Ekstrom,2012,ekstrmi01,Pitcher
134003,Scott Elarton,2008,elartsc01,Pitcher
455092,Scott Elbert,2014,elbersc01,Pitcher
606273,Roenis Elias,2019,eliasro01,Pitcher
623395,Brian Ellington,2017,ellinbr02,Pitcher
595939,Chris Ellis,2019,ellisch01,Pitcher
518655,John Ely,2012,elyjo01,Pitcher
113833,Alan Embree,2009,embreal01,Pitcher
450832,Jesse English,2010,englije01,Pitcher
608650,Dietrich Enns,2017,ennsdi01,Pitcher
446264,Barry Enright,2013,enrigba01,Pitcher
543135,Nathan Eovaldi,2019,eovalna01,Pitcher
543136,Cody Eppley,2013,eppleco01,Pitcher
572362,Robbie Erlin,2019,erlinro01,Pitcher
467850,Edgmer Escalona,2013,escaled01,Pitcher
465065,Sergio Escalona,2011,escalse01,Pitcher
605222,Jake Esch,2017,eschja01,Pitcher
546276,Edwin Escobar,2016,escobed02,Pitcher
113898,Kelvim Escobar,2009,escobke01,Pitcher
650813,Luis Escobar,2019,escoblu01,Pitcher
664045,Tom Eshelman,2019,eshelto01,Pitcher
457910,Geno Espineli,2008,espinge01,Pitcher
502179,Paolo Espino,2017,espinpa01,Pitcher
113915,Shawn Estes,2008,estessh01,Pitcher
608032,Carlos Estevez,2019,estevca01,Pitcher
462136,Marco Estrada,2019,estrama01,Pitcher
445968,Dana Eveland,2016,evelada01,Pitcher
113961,Scott Eyre,2009,eyresc01,Pitcher
425466,Willie Eyre,2011,eyrewi01,Pitcher
664126,Peter Fairbanks,2019,fairbpe01,Pitcher
237346,Brian Falkenborg,2008,falkebr01,Pitcher
544727,Jeurys Familia,2019,familje01,Pitcher
607188,Jake Faria,2019,fariaja01,Pitcher
571656,Buck Farmer,2019,farmebu01,Pitcher
150035,Kyle Farnsworth,2014,farnsky01,Pitcher
543144,Danny Farquhar,2018,farquda01,Pitcher
608652,Luke Farrell,2019,farrelu01,Pitcher
605226,Andrew Faulkner,2016,faulkan01,Pitcher
607200,Erick Fedde,2019,feddeer01,Pitcher
456387,Ryan Feierabend,2019,feierry01,Pitcher
444857,Scott Feldman,2017,feldmsc01,Pitcher
408230,Pedro Feliciano,2013,felicpe01,Pitcher
593140,Michael Feliz,2019,felizmi01,Pitcher
491703,Neftali Feliz,2017,felizne01,Pitcher
657571,Caleb Ferguson,2019,ferguca01,Pitcher
622774,Jose Fernandez,2019,fernajo04,Pitcher
605228,Jose Fernandez,2016,fernajo02,Pitcher
658551,Junior Fernandez,2019,fernaju01,Pitcher
594815,Jeff Ferrell,2017,ferreje01,Pitcher
670036,Matt Festa,2019,festama01,Pitcher
518674,C. J. Fick,2012,fickch01,Pitcher
451661,Josh Fields,2018,fieldjo03,Pitcher
502272,Casey Fien,2017,fienca01,Pitcher
571666,Mike Fiers,2019,fiersmi01,Pitcher
543155,Stephen Fife,2014,fifest01,Pitcher
451628,Alfredo Figaro,2014,figaral01,Pitcher
150153,Nelson Figueroa,2011,figuene01,Pitcher
471896,Pedro Figueroa,2014,figuepe01,Pitcher
641571,Heath Fillmyer,2019,fillmhe01,Pitcher
605232,Brandon Finnegan,2018,finnebr01,Pitcher
457567,Carlos Fisher,2011,fisheca01,Pitcher
450729,Doug Fister,2018,fistedo01,Pitcher
656427,Jack Flaherty,2019,flaheja01,Pitcher
456071,Yohan Flande,2016,flandyo01,Pitcher
623167,Chris Flexen,2019,flexech01,Pitcher
572309,Kendry Flores,2016,floreke01,Pitcher
420864,Randy Flores,2010,florera01,Pitcher
571670,Dylan Floro,2019,florody01,Pitcher
425856,Gavin Floyd,2016,floydga01,Pitcher
543169,Brian Flynn,2019,flynnbr01,Pitcher
150319,Josh Fogg,2009,foggjo01,Pitcher
592314,Mike Foltynewicz,2019,foltymi01,Pitcher
521655,Wilmer Font,2019,fontwi01,Pitcher
543174,Eric Fornataro,2014,fornaer01,Pitcher
407154,Casey Fossum,2009,fossuca01,Pitcher
114342,Keith Foulke,2008,foulkke01,Pitcher
114354,Chad Fox,2009,foxch02,Pitcher
460257,Matt Fox,2010,foxma01,Pitcher
433585,Jeff Francis,2015,francje01,Pitcher
407911,Frank Francisco,2014,francfr01,Pitcher
575070,Enderson Franco,2019,francen01,Pitcher
211041,Ryan Franklin,2011,frankry01,Pitcher
571676,Seth Frankoff,2017,frankse01,Pitcher
621350,Caleb Frare,2019,frareca01,Pitcher
430630,Jason Frasor,2015,frasoja01,Pitcher
607536,Kyle Freeland,2019,freelky01,Pitcher
543178,Justin Freeman,2013,freemju02,Pitcher
518693,Sam Freeman,2019,freemsa01,Pitcher
448287,Luke French,2010,frenclu01,Pitcher
516910,Carlos Frias,2016,friasca01,Pitcher
608331,Max Fried,2019,friedma01,Pitcher
543184,Christian Friedrich,2016,friedch01,Pitcher
457117,Ernesto Frieri,2017,frierer01,Pitcher
605240,Jace Fry,2019,fryja01,Pitcher
643316,Paul Fry,2019,frypa01,Pitcher
150118,Brian Fuentes,2012,fuentbr01,Pitcher
493117,Kyuji Fujikawa,2015,fujikky01,Pitcher
506429,Kazuo Fukumori,2008,fukumka01,Pitcher
445246,Jeff Fulchino,2011,fulchje01,Pitcher
608334,Carson Fulmer,2019,fulmeca01,Pitcher
605242,Michael Fulmer,2018,fulmemi01,Pitcher
518703,Charlie Furbush,2015,furbuch01,Pitcher
451257,Kason Gabbard,2008,gabbaka01,Pitcher
471803,Armando Gabino,2010,gabinar01,Pitcher
150378,Eric Gagne,2008,gagneer01,Pitcher
543193,Drew Gagnon,2019,gagnodr01,Pitcher
451482,Armando Galarraga,2012,galarar01,Pitcher
451595,Sean Gallagher,2010,gallase01,Pitcher
451596,Yovani Gallardo,2018,gallayo01,Pitcher
606149,Giovanny Gallegos,2019,gallegi01,Pitcher
668678,Zac Gallen,2019,galleza01,Pitcher
543195,Eddie Gamboa,2016,gamboed01,Pitcher
607231,John Gant,2019,gantjo01,Pitcher
466339,Victor Garate,2009,garatvi01,Pitcher
571057,Frank Garces,2015,garcefr01,Pitcher
650530,Bryan Garcia,2019,garcibr01,Pitcher
451600,Christian Garcia,2012,garcich02,Pitcher
658305,Edgar Garcia,2019,garcied01,Pitcher
448802,Jaime Garcia,2018,garcija02,Pitcher
606424,Jarlin Garcia,2019,garcija04,Pitcher
592329,Jason Garcia,2015,garcija03,Pitcher
472610,Luis Garcia,2019,garcilu03,Pitcher
607162,Onelki García,2017,garcion01,Pitcher
670329,Rico Garcia,2019,garciri01,Pitcher
554340,Yimi Garcia,2019,garciyi01,Pitcher
643320,Nick Gardewine,2018,gardeni01,Pitcher
421104,Lee Gardner,2008,gardnle01,Pitcher
279782,Jon Garland,2013,garlajo01,Pitcher
592330,Perci Garner,2016,garnepe01,Pitcher
607237,Amir Garrett,2019,garream01,Pitcher
657585,Reed Garrett,2019,garrere01,Pitcher
477237,Steve Garrison,2011,garrist01,Pitcher
623439,Ryan Garton,2019,gartory01,Pitcher
490063,Matt Garza,2017,garzama01,Pitcher
518713,John Gast,2013,gastjo01,Pitcher
453304,John Gaub,2011,gaubjo01,Pitcher
429985,Chad Gaudin,2013,gaudich01,Pitcher
592332,Kevin Gausman,2019,gausmke01,Pitcher
543208,Sam Gaviglio,2019,gavigsa01,Pitcher
518715,Cory Gearrin,2019,gearrco01,Pitcher
407783,Geoff Geary,2009,gearyge01,Pitcher
518716,Dillon Gee,2017,geedi01,Pitcher
446207,Josh Geer,2009,geerjo01,Pitcher
544993,Steve Geltz,2016,geltzst01,Pitcher
593334,Domingo German,2019,germado01,Pitcher
407883,Franklyn German,2008,germafr01,Pitcher
430683,Justin Germano,2014,germaju01,Pitcher
542674,Gonzalez Germen,2016,germego01,Pitcher
463645,Sammy Gervacio,2010,gervasa01,Pitcher
664139,Ian Gibaut,2019,gibauia01,Pitcher
502043,Kyle Gibson,2019,gibsoky01,Pitcher
435500,Dan Giese,2009,gieseda01,Pitcher
571704,Ken Giles,2019,gileske01,Pitcher
543219,Sean Gilmartin,2019,gilmase01,Pitcher
656464,Kevin Ginkel,2019,ginkeke01,Pitcher
215197,Matt Ginter,2008,gintema01,Pitcher
608337,Lucas Giolito,2019,giolilu01,Pitcher
643325,Chad Girodo,2016,girodch01,Pitcher
571710,Mychal Givens,2019,givenmy01,Pitcher
607192,Tyler Glasnow,2019,glasnty01,Pitcher
114849,Tom Glavine,2008,glavito02,Pitcher
150474,Gary Glover,2008,glovega01,Pitcher
606983,Koda Glover,2018,gloveko01,Pitcher
425471,Jimmy Gobble,2009,gobblji01,Pitcher
453232,Graham Godfrey,2012,godfrgr01,Pitcher
643327,Zack Godley,2019,godleza01,Pitcher
592340,Erik Goeddel,2018,goedder01,Pitcher
592341,David Goforth,2017,goforda01,Pitcher
627894,Luiz Gohara,2018,goharlu01,Pitcher
643329,Brad Goldberg,2017,goldbbr01,Pitcher
596295,Austin Gomber,2018,gombeau01,Pitcher
460156,Brandon Gomes,2015,gomesbr01,Pitcher
491646,Jeanmar Gomez,2019,gomezje01,Pitcher
596816,Roberto Gomez,2018,gomezro01,Pitcher
624427,Stephen Gonsalves,2018,gonsast01,Pitcher
664062,Tony Gonsolin,2019,gonsoto01,Pitcher
594835,Marco Gonzales,2019,gonzama02,Pitcher
592346,Chi Chi Gonzalez,2019,gonzach01,Pitcher
429440,Edgar Gonzalez,2013,gonzaed01,Pitcher
434619,Enrique Gonzalez,2011,gonzaen01,Pitcher
461829,Gio Gonzalez,2019,gonzagi01,Pitcher
642571,Merandy Gonzalez,2018,gonzame01,Pitcher
456068,Miguel Gonzalez,2018,gonzami03,Pitcher
646057,Miguel González,2014,gonzami05,Pitcher
283166,Mike Gonzalez,2013,gonzami02,Pitcher
605894,Severino Gonzalez,2016,gonzase01,Pitcher
580792,Nick Goody,2019,goodyni01,Pitcher
430950,Brian Gordon,2011,gordobr01,Pitcher
114971,Tom Gordon,2009,gordoto01,Pitcher
452733,Tom Gorzelanny,2016,gorzeto01,Pitcher
428420,Mike Gosling,2009,goslimi01,Pitcher
605254,Daniel Gossett,2018,gosseda01,Pitcher
641627,Trevor Gott,2019,gotttr01,Pitcher
346848,John Grabow,2011,grabojo02,Pitcher
594840,Matt Grace,2019,gracema02,Pitcher
543242,J. R. Graham,2016,grahajr01,Pitcher
660813,Brusdar Graterol,2019,gratebr01,Pitcher
608665,Kendall Graveman,2018,graveke01,Pitcher
605255,Brett Graves,2018,gravebr01,Pitcher
462522,Jeff Gray,2012,grayje02,Pitcher
592351,Jon Gray,2019,grayjo02,Pitcher
543243,Sonny Gray,2019,grayso01,Pitcher
643338,Chad Green,2019,greench03,Pitcher
434958,Sean Green,2011,greense01,Pitcher
572888,Shane Greene,2019,greensh02,Pitcher
572889,Nick Greenwood,2015,greenni02,Pitcher
502381,Luke Gregerson,2019,gregelu01,Pitcher
276514,Kevin Gregg,2015,greggke01,Pitcher
425844,Zack Greinke,2019,greinza01,Pitcher
456167,A. J. Griffin,2017,griffaj01,Pitcher
276351,Jason Grilli,2017,grillja01,Pitcher
518748,Justin Grimm,2018,grimmju01,Pitcher
665093,Zac Grotz,2019,grotzza01,Pitcher
459439,Jarrett Grube,2014,grubeja01,Pitcher
607229,Robert Gsellman,2019,gsellro01,Pitcher
515052,Mayckol Guaipe,2016,guaipma01,Pitcher
115216,Eddie Guardado,2009,guarded01,Pitcher
594056,Reymin Guduan,2019,guduare01,Pitcher
500610,Deolis Guerra,2019,guerrde01,Pitcher
457915,Javy Guerra,2019,guerrja01,Pitcher
448855,Junior Guerra,2019,guerrju02,Pitcher
594027,Tayron Guerrero,2019,guerrta01,Pitcher
407825,Matt Guerrier,2014,guerrma02,Pitcher
605260,Taylor Guerrieri,2019,guerrta02,Pitcher
454581,Carlos Guevara,2008,guevaca01,Pitcher
607555,Taylor Guilbeau,2019,guilbta01,Pitcher
543258,Preston Guilmet,2018,guilmpr01,Pitcher
543261,Jason Gurka,2017,gurkaja01,Pitcher
594311,Jandel Gustave,2019,gustaja01,Pitcher
425386,Jeremy Guthrie,2017,guthrje01,Pitcher
434641,J. C. Gutierrez,2014,gutieju01,Pitcher
425768,Angel Guzman,2009,guzmaan01,Pitcher
459345,Eric Hacker,2012,hackeer01,Pitcher
623352,Josh Hader,2019,haderjo01,Pitcher
446624,Charlie Haeger,2010,haegech01,Pitcher
444935,Nick Hagadone,2015,hagadni01,Pitcher
543266,Bradin Hagens,2014,hagenbr01,Pitcher
534910,Jesse Hahn,2019,hahnje01,Pitcher
571735,David Hale,2019,haleda02,Pitcher
595234,Justin Haley,2018,haleyju01,Pitcher
595235,Cody Hall,2016,hallco01,Pitcher
664180,Matt Hall,2019,hallma02,Pitcher
136880,Roy Halladay,2013,hallaro01,Pitcher
523648,Mark Hamburger,2011,hambuma01,Pitcher
430935,Cole Hamels,2019,hamelco01,Pitcher
641656,Ian Hamilton,2018,hamilia01,Pitcher
434628,Jason Hammel,2018,hammeja01,Pitcher
670456,J. D. Hammer,2019,hammejd01,Pitcher
430618,Justin Hampson,2012,hampsju01,Pitcher
115399,Mike Hampton,2010,hamptmi01,Pitcher
543271,Erik Hamren,2011,hamreer01,Pitcher
606995,Justin Hancock,2018,hancoju01,Pitcher
543272,Brad Hand,2019,handbr01,Pitcher
518764,Donovan Hand,2015,handdo01,Pitcher
621098,Eric Hanhold,2018,hanhoer01,Pitcher
430629,Joel Hanrahan,2013,hanrajo01,Pitcher
468962,Devern Hansack,2008,hansade01,Pitcher
475022,Craig Hansen,2009,hansecr01,Pitcher
462102,Tommy Hanson,2013,hansoto01,Pitcher
457918,J. A. Happ,2019,happja01,Pitcher
421685,Aaron Harang,2015,haranaa01,Pitcher
425848,Rich Harden,2011,harderi01,Pitcher
543278,Blaine Hardy,2019,hardybl01,Pitcher
429717,Dan Haren,2015,harenda01,Pitcher
607560,Ryne Harper,2019,harpery01,Pitcher
449173,Lucas Harrell,2017,harrelu01,Pitcher
518771,Mitch Harris,2015,harrimi03,Pitcher
407483,Willie Harris,2012,harriwi02,Pitcher
457448,Matt Harrison,2015,harrima01,Pitcher
643354,Donnie Hart,2019,hartdo01,Pitcher
453954,Kevin Hart,2009,hartke01,Pitcher
664129,Geoff Hartlieb,2019,hartlge01,Pitcher
640451,Hunter Harvey,2019,harvehu01,Pitcher
642840,Joe Harvey,2019,harvejo01,Pitcher
518774,Matt Harvey,2019,harvema01,Pitcher
501822,Chris Hatcher,2018,hatchch02,Pitcher
643355,Steve Hathaway,2016,hathast01,Pitcher
502281,Marcus Hatley,2015,hatlema01,Pitcher
623434,Mike Hauschild,2018,hauscmi01,Pitcher
115629,LaTroy Hawkins,2015,hawkila01,Pitcher
458003,Blake Hawksworth,2011,hawksbl01,Pitcher
502457,Drew Hayes,2016,hayesdr01,Pitcher
460602,Dirk Hayhurst,2009,hayhudi01,Pitcher
571760,Andrew Heaney,2019,heanean01,Pitcher
621368,Taylor Hearn,2019,hearnta01,Pitcher
445177,Deunte Heath,2013,heathde01,Pitcher
458550,Jeremy Hefner,2013,hefneje01,Pitcher
408310,Aaron Heilman,2011,heilmaa01,Pitcher
621294,Ben Heller,2019,hellebe01,Pitcher
476451,Jeremy Hellickson,2019,hellije01,Pitcher
518782,Johnny Hellweg,2013,hellwjo01,Pitcher
664854,Ryan Helsley,2019,helslry01,Pitcher
592390,Heath Hembree,2019,hembrhe01,Pitcher
449104,Jim Henderson,2016,hendeji01,Pitcher
543294,Kyle Hendricks,2019,hendrky01,Pitcher
424805,Mark Hendrickson,2011,hendrma01,Pitcher
521230,Liam Hendriks,2019,hendrli01,Pitcher
430675,Sean Henn,2013,hennse01,Pitcher
430913,Brad Hennessey,2008,hennebr01,Pitcher
454535,Clay Hensley,2012,henslcl01,Pitcher
150382,Matt Herges,2009,hergema01,Pitcher
623474,Jimmy Herget,2019,hergeji01,Pitcher
554374,Ariel Hernandez,2017,hernaar01,Pitcher
650382,Darwinzon Hernandez,2019,hernada02,Pitcher
456696,David Hernandez,2019,hernada01,Pitcher
622694,Elieser Hernandez,2019,hernael01,Pitcher
433587,Felix Hernandez,2019,hernafe02,Pitcher
467761,Fernando Hernandez,2008,hernafe03,Pitcher
642546,Jonathan Hernandez,2019,hernajo02,Pitcher
115817,Liván Hernández,2012,hernali01,Pitcher
517060,Pedro Hernandez,2014,hernape02,Pitcher
433584,Roberto Hernandez,2016,carmofa01,Pitcher
424465,Runelvys Hernandez,2008,hernaru03,Pitcher
458589,David Herndon,2012,herndda01,Pitcher
502609,Danny Herrera,2011,herreda01,Pitcher
516969,Kelvin Herrera,2019,herreke01,Pitcher
622703,Ronald Herrera,2017,herrero01,Pitcher
506648,Yoslán Herrera,2014,herreyo01,Pitcher
497807,Frank Herrmann,2016,herrmfr01,Pitcher
605276,David Hess,2019,hessda01,Pitcher
594857,Keith Hessler,2016,hesslke01,Pitcher
518790,Chris Heston,2017,hestoch01,Pitcher
663855,Jordan Hicks,2019,hicksjo03,Pitcher
657610,Trevor Hildenberger,2019,hildetr01,Pitcher
448179,Rich Hill,2019,hillri01,Pitcher
429718,Shawn Hill,2012,hillsh01,Pitcher
592398,Taylor Hill,2015,hillta01,Pitcher
657612,Tim Hill,2019,hillti01,Pitcher
434479,Mike Hinckley,2009,hinckmi01,Pitcher
648737,Dalier Hinojosa,2016,hinojda01,Pitcher
450527,Alex Hinshaw,2012,hinshal01,Pitcher
673633,Yoshihisa Hirano,2019,hiranyo01,Pitcher
444865,Jason Hirsh,2008,hirshja01,Pitcher
460024,Luke Hochevar,2016,hochelu01,Pitcher
460597,Jim Hoey,2011,hoeyja02,Pitcher
656546,Jeff Hoffman,2019,hoffmje02,Pitcher
116034,Trevor Hoffman,2010,hoffmtr01,Pitcher
656547,Jonathan Holder,2019,holdejo02,Pitcher
458720,John Holdzkom,2014,holdzjo01,Pitcher
502706,Derek Holland,2019,hollade01,Pitcher
518813,Greg Holland,2019,hollagr01,Pitcher
571786,Mario Hollands,2014,hollama01,Pitcher
571787,David Holmberg,2017,holmbda01,Pitcher
605280,Clay Holmes,2019,holmecl01,Pitcher
543331,J. J. Hoover,2018,hoovejj01,Pitcher
456662,Jeremy Horst,2013,horstje01,Pitcher
459415,Tommy Hottovy,2012,hottoto01,Pitcher
543334,T. J. House,2017,housetj01,Pitcher
605288,Adrian Houser,2019,housead01,Pitcher
446901,James Houser,2010,houseja01,Pitcher
607572,Sam Howard,2019,howarsa01,Pitcher
434442,J. P. Howell,2017,howeljp01,Pitcher
133982,Bob Howry,2010,howrybo01,Pitcher
624586,James Hoyt,2019,hoytja01,Pitcher
629496,Chih-Wei Hu,2018,huch02,Pitcher
658791,Wei-Chieh Huang,2019,huangwe01,Pitcher
641712,Dakota Hudson,2019,hudsoda02,Pitcher
543339,Daniel Hudson,2019,hudsoda01,Pitcher
218596,Tim Hudson,2015,hudsoti01,Pitcher
453307,David Huff,2016,huffda01,Pitcher
458250,Dusty Hughes,2011,hughedu01,Pitcher
453172,Jared Hughes,2019,hugheja02,Pitcher
461833,Phil Hughes,2018,hugheph01,Pitcher
543343,Danny Hultzen,2019,hultzda01,Pitcher
458950,Philip Humber,2013,humbeph01,Pitcher
488984,Tommy Hunter,2019,hunteto02,Pitcher
457922,Eric Hurley,2008,hurleer01,Pitcher
592422,Jason Hursh,2017,hurshja01,Pitcher
571800,Drew Hutchison,2018,hutchdr01,Pitcher
518833,Colt Hynes,2015,hynesco01,Pitcher
500891,Edgar Ibarra,2015,ibarred01,Pitcher
579799,Ryota Igarashi,2012,igarary01,Pitcher
506432,Kei Igawa,2008,igawake01,Pitcher
628452,Raisel Iglesias,2019,iglesra01,Pitcher
500872,Greg Infante,2018,infangr01,Pitcher
608344,Cole Irvin,2019,irvinco01,Pitcher
572947,Phil Irwin,2014,irwinph01,Pitcher
116414,Jason Isringhausen,2012,isrinja01,Pitcher
547874,Hisashi Iwakuma,2017,iwakuhi01,Pitcher
429719,Edwin Jackson,2019,jacksed01,Pitcher
543351,Jay Jackson,2019,jacksja01,Pitcher
592426,Luke Jackson,2019,jackslu01,Pitcher
452259,Steven Jackson,2010,jacksst01,Pitcher
435638,Zach Jackson,2009,jacksza01,Pitcher
462089,Juan Jaime,2015,jaimeju01,Pitcher
499856,Chris Jakubauskas,2011,jakubch01,Pitcher
460580,Chuck James,2011,jamesch03,Pitcher
657624,Josh James,2019,jamesjo02,Pitcher
448241,Justin James,2010,jamesju01,Pitcher
543357,Jordan Jankowski,2017,jankojo01,Pitcher
445276,Kenley Jansen,2019,janseke01,Pitcher
445163,Casey Janssen,2015,janssca01,Pitcher
594867,Myles Jaye,2017,jayemy01,Pitcher
502026,Jeremy Jeffress,2019,jeffrje01,Pitcher
554432,Chad Jenkins,2015,jenkich01,Pitcher
592433,Tyrell Jenkins,2016,jenkity01,Pitcher
408057,Bobby Jenks,2011,jenksbo01,Pitcher
543359,Dan Jennings,2019,jennida01,Pitcher
407298,Jason Jennings,2009,jennija01,Pitcher
448178,Kevin Jepsen,2018,jepseke01,Pitcher
605301,Williams Jerez,2019,jerezwi01,Pitcher
657228,Jake Jewell,2019,jewelja01,Pitcher
462945,Cesar Jimenez,2015,jimence01,Pitcher
621592,Eduardo Jimenez,2019,jimened01,Pitcher
641729,Joe Jimenez,2019,jimenjo02,Pitcher
459376,Kelvin Jimenez,2008,jimenke01,Pitcher
434622,Ubaldo Jimenez,2017,jimenub01,Pitcher
471183,Waldis Joaquin,2011,joaquwa01,Pitcher
489567,Alan Johnson,2011,johnsal02,Pitcher
598271,Brian Johnson,2019,johnsbr02,Pitcher
597113,DJ Johnson,2019,johnsdj01,Pitcher
605304,Erik Johnson,2016,johnser04,Pitcher
116595,Jason Johnson,2008,johnsja02,Pitcher
462382,Jim Johnson,2018,johnsji04,Pitcher
435178,Josh Johnson,2013,johnsjo09,Pitcher
453241,Kris Johnson,2014,johnskr01,Pitcher
572955,Pierce Johnson,2018,johnspi01,Pitcher
116615,Randy Johnson,2009,johnsra05,Pitcher
489002,Steve Johnson,2016,johnsst02,Pitcher
518852,Eric Jokisch,2014,jokiser01,Pitcher
491220,Hunter Jones,2010,joneshu01,Pitcher
518858,Nate Jones,2019,jonesna01,Pitcher
116734,Todd Jones,2008,jonesto02,Pitcher
518863,Taylor Jordan,2015,jordata01,Pitcher
602928,Felix Jorge,2017,jorgefe01,Pitcher
548348,Donnie Joseph,2014,josepdo01,Pitcher
518865,Josh Judy,2011,judyjo01,Pitcher
406402,Jorge Julio,2009,juliojo01,Pitcher
543380,Taylor Jungmann,2017,jungmta01,Pitcher
596001,Jakob Junis,2019,junisja01,Pitcher
642558,Ariel Jurado,2019,juradar01,Pitcher
457453,Jair Jurrjens,2014,jurrjja01,Pitcher
592454,Tommy Kahnle,2019,kahnlto01,Pitcher
675916,James Karinchak,2019,karinja01,Pitcher
501992,Nate Karns,2019,karnsna01,Pitcher
444371,Jeff Karstens,2012,karstje01,Pitcher
499877,Kenshin Kawakami,2010,kawakke01,Pitcher
641743,Anthony Kay,2019,kayan01,Pitcher
431148,Scott Kazmir,2016,kazmisc01,Pitcher
605309,Keone Kela,2019,kelake01,Pitcher
641745,Brad Keller,2019,kellebr01,Pitcher
664918,Kyle Keller,2019,kelleky01,Pitcher
656605,Mitch Keller,2019,kellemi03,Pitcher
518875,Shawn Kelley,2019,kellesh01,Pitcher
665001,Trevor Kelley,2019,kelletr01,Pitcher
543391,Casey Kelly,2018,kellyca01,Pitcher
523260,Joe Kelly,2019,kellyjo05,Pitcher
518876,Merrill Kelly,2019,kellyme01,Pitcher
502462,Ryan Kelly,2015,kellyry01,Pitcher
452718,Kyle Kendrick,2017,kendrky01,Pitcher
664028,Brett Kennedy,2018,kennebr02,Pitcher
453178,Ian Kennedy,2019,kenneia01,Pitcher
434137,Logan Kensing,2016,kensilo01,Pitcher
430670,Bobby Keppel,2009,keppebo01,Pitcher
477132,Clayton Kershaw,2019,kershcl01,Pitcher
572971,Dallas Keuchel,2019,keuchda01,Pitcher
592464,Mike Kickham,2014,kickhmi01,Pitcher
518883,Dean Kiekhefer,2018,kiekhde01,Pitcher
579328,Yusei Kikuchi,2019,kikucyu01,Pitcher
489020,Brad Kilby,2010,kilbybr01,Pitcher
501993,Cole Kimball,2011,kimbaco01,Pitcher
518886,Craig Kimbrel,2019,kimbrcr01,Pitcher
650633,Mike King,2019,kingmi01,Pitcher
150037,Ray King,2008,kingra01,Pitcher
592468,Nick Kingham,2019,kinghni01,Pitcher
641755,Tyler Kinley,2019,kinlety01,Pitcher
448337,Josh Kinney,2012,kinnejo01,Pitcher
445213,Brandon Kintzler,2019,kintzbr01,Pitcher
457779,Michael Kirkman,2016,kirkmmi01,Pitcher
552640,Andrew Kittredge,2019,kittran01,Pitcher
607309,Phil Klein,2016,kleinph01,Pitcher
571858,Branden Kline,2019,klinebr01,Pitcher
446372,Corey Kluber,2019,klubeco01,Pitcher
608349,Corey Knebel,2018,knebeco01,Pitcher
150284,Brandon Knight,2008,knighbr01,Pitcher
605317,Guido Knudson,2015,knudsgu01,Pitcher
493131,Masahide Kobayashi,2009,kobayma01,Pitcher
571863,Matt Koch,2019,kochma01,Pitcher
543408,Tom Koehler,2017,koehlto01,Pitcher
543409,Michael Kohn,2015,kohnmi01,Pitcher
592473,Adam Kolarek,2019,kolarad01,Pitcher
502004,George Kontos,2018,kontoge01,Pitcher
656629,Michael Kopech,2018,kopecmi01,Pitcher
445090,Bobby Korecky,2014,korecbo01,Pitcher
425655,John Koronka,2009,koronjo01,Pitcher
607216,Joey Krehbiel,2018,krehbjo01,Pitcher
476127,Zach Kroenke,2011,kroenza01,Pitcher
571871,Ian Krol,2018,krolia01,Pitcher
641771,Chad Kuhl,2018,kuhlch01,Pitcher
669270,Joel Kuhnel,2019,kuhnejo01,Pitcher
446333,Eddie Kunz,2008,kunzed01,Pitcher
425539,Hung-Chih Kuo,2011,kuoho01,Pitcher
493133,Hiroki Kuroda,2014,kurodhi01,Pitcher
607951,Jairo Labourt,2017,labouja01,Pitcher
407793,John Lackey,2017,lackejo01,Pitcher
444836,Aaron Laffey,2015,laffeaa01,Pitcher
489039,Bobby LaFromboise,2015,lafrobo01,Pitcher
621078,Brady Lail,2019,lailbr01,Pitcher
664042,Travis Lakins,2019,lakintr01,Pitcher
543424,John Lamb,2018,lambjo02,Pitcher
461836,Chris Lambert,2009,lambech01,Pitcher
663567,Peter Lambert,2019,lambepe01,Pitcher
659275,Dinelson Lamet,2019,lametdi01,Pitcher
543426,Matt Langwell,2013,langwma01,Pitcher
458709,John Lannan,2014,lannajo01,Pitcher
502009,Mat Latos,2017,latosma01,Pitcher
641778,Eric Lauer,2019,lauerer01,Pitcher
571882,Derek Law,2019,lawde01,Pitcher
596271,Casey Lawrence,2018,lawreca01,Pitcher
518927,Tommy Layne,2017,layneto01,Pitcher
612272,Raudel Lazo,2015,lazora01,Pitcher
489052,Brent Leach,2009,leachbr01,Pitcher
434181,Brandon League,2014,leagubr01,Pitcher
502190,Mike Leake,2019,leakemi01,Pitcher
605333,Jack Leathersich,2017,leathja01,Pitcher
453281,Wade LeBlanc,2019,leblawa01,Pitcher
600917,Jose Leclerc,2019,leclejo01,Pitcher
459967,Sam LeCure,2015,lecursa01,Pitcher
425656,Wil Ledezma,2011,ledezwi01,Pitcher
547348,C. C. Lee,2015,leech01,Pitcher
424324,Cliff Lee,2014,leecl02,Pitcher
545346,Zach Lee,2017,leeza01,Pitcher
489056,Charles Leesman,2014,leesmch01,Pitcher
430680,Justin Lehr,2009,lehrju01,Pitcher
643410,Mark Leiter,2018,leitema02,Pitcher
455376,Arcenio Leon,2017,leonar02,Pitcher
504186,Arnold Leon,2016,leonar01,Pitcher
608678,Dominic Leone,2019,leonedo01,Pitcher
434679,Anthony Lerew,2010,lerewan01,Pitcher
460092,Chris Leroux,2014,lerouch01,Pitcher
452657,Jon Lester,2019,lestejo01,Pitcher
592499,Artie Lewicki,2018,lewicar01,Pitcher
407890,Colby Lewis,2016,lewisco01,Pitcher
460029,Jensen Lewis,2010,lewisje01,Pitcher
451650,Rommie Lewis,2011,lewisro01,Pitcher
460260,Scott Lewis,2009,lewissc02,Pitcher
571893,Adam Liberatore,2018,liberad01,Pitcher
400058,Brad Lidge,2012,lidgebr01,Pitcher
117758,Jon Lieber,2008,liebejo01,Pitcher
572990,Pat Light,2016,lightpa01,Pitcher
150404,Ted Lilly,2013,lillyte01,Pitcher
547939,Chang-Yong Lim,2013,limch01,Pitcher
453311,Tim Lincecum,2016,linceti01,Pitcher
453184,Brad Lincoln,2014,lincobr01,Pitcher
150221,Mike Lincoln,2010,lincomi01,Pitcher
458676,Josh Lindblom,2017,lindbjo01,Pitcher
605338,Jacob Lindgren,2015,lindgja01,Pitcher
469834,Shane Lindsay,2011,lindssh01,Pitcher
434637,Matt Lindstrom,2014,lindsma01,Pitcher
276530,Scott Linebrink,2011,linebsc01,Pitcher
456899,Jon Link,2010,linkjo01,Pitcher
434538,Francisco Liriano,2019,liriafr01,Pitcher
446209,Jesse Litsch,2011,litscje01,Pitcher
641793,Zack Littell,2019,litteza01,Pitcher
452725,Wes Littleton,2008,littlwe01,Pitcher
594902,Ben Lively,2019,livelbe01,Pitcher
467785,Radhames Liz,2015,lizra01,Pitcher
643414,Kyle Lloyd,2017,lloydky01,Pitcher
547568,Chia-Jen Lo,2013,loch02,Pitcher
642528,Jonathan Loaisiga,2019,loaisjo01,Pitcher
117842,Esteban Loaiza,2008,loaizes01,Pitcher
543456,Kyle Lobstein,2016,lobstky01,Pitcher
502046,Jeff Locke,2017,lockeje01,Pitcher
434180,Kameron Loe,2013,loeka01,Pitcher
429400,Adam Loewen,2016,loewead01,Pitcher
457429,Boone Logan,2018,loganbo02,Pitcher
346798,Kyle Lohse,2016,lohseky01,Pitcher
131702,Braden Looper,2009,loopebr01,Pitcher
425658,Aquilino Lopez,2008,lopezaq01,Pitcher
445995,Arturo Lopez,2009,lopezar02,Pitcher
425657,Javier Lopez,2016,lopezja02,Pitcher
605347,Jorge Lopez,2019,lopezjo02,Pitcher
641154,Pablo Lopez,2019,lopezpa01,Pitcher
625643,Reynaldo Lopez,2019,lopezre01,Pitcher
446641,Wilton Lopez,2014,lopezwi01,Pitcher
661255,Yoan López,2019,lopezyo01,Pitcher
547179,Michael Lorenzen,2019,lorenmi01,Pitcher
571901,Aaron Loup,2019,loupaa01,Pitcher
400076,Shane Loux,2012,louxsh01,Pitcher
663992,Richard Lovelady,2019,lovelri01,Pitcher
117955,Derek Lowe,2013,lowede01,Pitcher
450275,Mark Lowe,2016,lowema01,Pitcher
434587,Devon Lowery,2008,lowerde01,Pitcher
572998,Josh Lucas,2019,lucasjo02,Pitcher
664192,Joey Lucchesi,2019,lucchjo01,Pitcher
672773,Elvis Luciano,2019,luciael01,Pitcher
458537,Cory Luebke,2016,luebkco01,Pitcher
518961,Josh Lueke,2014,luekejo01,Pitcher
476595,Lucas Luetge,2015,luetglu01,Pitcher
607625,Seth Lugo,2019,lugose01,Pitcher
666200,Jesus Luzardo,2019,luzarje01,Pitcher
543475,Jordan Lyles,2019,lylesjo01,Pitcher
458681,Lance Lynn,2019,lynnla01,Pitcher
407193,Brandon Lyon,2013,lyonbr01,Pitcher
544928,Tyler Lyons,2019,lyonsty01,Pitcher
213680,Mike MacDougal,2012,macdomi01,Pitcher
600921,Andres Machado,2017,machaan02,Pitcher
466948,Jean Machi,2017,machije01,Pitcher
449774,Evan MacLane,2010,maclaev01,Pitcher
545348,Austin Maddox,2017,maddoau01,Pitcher
118120,Greg Maddux,2008,maddugr01,Pitcher
444127,Warner Madrigal,2009,madriwa01,Pitcher
425492,Ryan Madson,2018,madsory01,Pitcher
628317,Kenta Maeda,2019,maedake01,Pitcher
543483,Matt Magill,2019,magilma01,Pitcher
571911,Damien Magnifico,2017,magnida01,Pitcher
518972,Trystan Magnuson,2011,magnutr01,Pitcher
118158,Ron Mahay,2010,mahayro01,Pitcher
657670,Greg Mahle,2016,mahlegr01,Pitcher
641816,Tyler Mahle,2019,mahlety01,Pitcher
430904,Paul Maholm,2014,maholpa01,Pitcher
429720,John Maine,2013,mainejo01,Pitcher
453186,Scott Maine,2012,mainesc01,Pitcher
400008,Gary Majewski,2010,majewga01,Pitcher
628318,Kazuhisa Makita,2018,makitka01,Pitcher
476011,Matt Maloney,2012,malonma02,Pitcher
640455,Sean Manaea,2019,manaese01,Pitcher
595307,Seth Maness,2017,manesse01,Pitcher
448167,Brandon Mann,2018,mannbr01,Pitcher
425899,Charlie Manning,2008,mannich01,Pitcher
453249,Jeff Manship,2016,manshje01,Pitcher
573009,Joe Mantiply,2019,mantijo01,Pitcher
490008,Robert Manuel,2010,manuero01,Pitcher
596027,Dillon Maples,2019,mapledi01,Pitcher
451788,Shaun Marcum,2015,marcush01,Pitcher
676606,Nick Margevicius,2019,margeni01,Pitcher
516970,Sugar Ray Marimon,2015,marimsu01,Pitcher
501697,Jhan Marinez,2018,marinjh01,Pitcher
592527,Michael Mariot,2016,mariomi01,Pitcher
571917,Parker Markel,2019,markepa01,Pitcher
476123,Justin Marks,2017,marksju01,Pitcher
621408,Matt Marksberry,2016,marksma01,Pitcher
461791,Carlos Marmol,2014,marmoca01,Pitcher
543488,Nick Maronde,2014,maronni01,Pitcher
608566,German Marquez,2019,marquge01,Pitcher
457812,Jeff Marquez,2011,marquje01,Pitcher
150302,Jason Marquis,2015,marquja01,Pitcher
543493,Brett Marshall,2013,marshbr01,Pitcher
605359,Evan Marshall,2019,marshev01,Pitcher
457444,Jay Marshall,2009,marshja01,Pitcher
445156,Sean Marshall,2014,marshse01,Pitcher
150122,Damaso Marte,2010,marteda01,Pitcher
517629,Kelvin Marte,2016,marteke02,Pitcher
501687,Luis Marte,2012,martelu01,Pitcher
469690,Victor Marte,2013,martevi01,Pitcher
642564,Francis Martes,2017,martefr01,Pitcher
656685,Brett Martin,2019,martibr01,Pitcher
455119,Chris Martin,2019,martich02,Pitcher
592533,Cody Martin,2017,martico01,Pitcher
656686,Corbin Martin,2019,martico02,Pitcher
543495,Ethan Martin,2014,martiet01,Pitcher
455605,J. D. Martin,2010,martijd01,Pitcher
573016,Kyle Martin,2017,martiky01,Pitcher
514669,Rafael Martin,2016,martira04,Pitcher
593372,Carlos Martinez,2019,martica04,Pitcher
465593,Carlos Martinez,2009,martica03,Pitcher
450852,Cristhian Martinez,2013,marticr01,Pitcher
451075,David Martinez,2014,martida02,Pitcher
458155,Joe Martinez,2013,martijo07,Pitcher
607259,Nick Martinez,2017,martini01,Pitcher
118377,Pedro Martinez,2009,martipe02,Pitcher
463017,Shairon Martis,2013,martish01,Pitcher
621086,James Marvel,2019,marveja01,Pitcher
434665,Nick Masset,2015,masseni01,Pitcher
475416,Justin Masterson,2015,masteju01,Pitcher
457826,Tom Mastny,2008,mastnto01,Pitcher
469097,Frank Mata,2010,matafr01,Pitcher
456496,Marcos Mateo,2015,mateoma01,Pitcher
455949,Scott Mathieson,2011,mathisc01,Pitcher
450545,Doug Mathis,2010,mathido01,Pitcher
664208,Phil Maton,2019,matonph01,Pitcher
467683,Osiris Matos,2009,matosos01,Pitcher
493137,Daisuke Matsuzaka,2014,matsuda01,Pitcher
458919,Ryan Mattheus,2015,matthry01,Pitcher
451085,Brian Matusz,2016,matusbr01,Pitcher
571927,Steven Matz,2019,matzst01,Pitcher
554431,Tyler Matzek,2015,matzety01,Pitcher
543506,Brandon Maurer,2018,maurebr01,Pitcher
669160,Dustin May,2019,maydu01,Pitcher
543507,Trevor May,2019,maytr01,Pitcher
493337,Yunesky Maya,2013,mayayu01,Pitcher
594577,Mike Mayers,2019,mayermi01,Pitcher
641835,Tim Mayza,2019,mayzati01,Pitcher
607391,Chris Mazza,2019,mazzach01,Pitcher
476570,Vin Mazzaro,2016,mazzavi01,Pitcher
543508,Cory Mazzoni,2018,mazzoco01,Pitcher
502083,Zach McAllister,2018,mcallza01,Pitcher
435221,Brandon McCarthy,2018,mccarbr01,Pitcher
641838,Kevin McCarthy,2019,mccarke01,Pitcher
596035,Reggie McClain,2019,mcclare01,Pitcher
449072,Kyle McClellan,2013,mccleky01,Pitcher
501873,Mike McClendon,2012,mcclemi01,Pitcher
425528,Seth McClung,2009,mccluse01,Pitcher
519003,Pat McCoy,2014,mccoypa01,Pitcher
607030,Adam McCreery,2018,mccread01,Pitcher
455970,Bob McCrory,2009,mccrobo01,Pitcher
621121,Lance McCullers,2018,mcculla02,Pitcher
445216,Daniel McCutchen,2014,mccutda01,Pitcher
457428,James McDonald,2013,mcdonja03,Pitcher
519008,T. J. McFarland,2019,mcfartj01,Pitcher
459429,Jake McGee,2019,mcgeeja01,Pitcher
543518,Scott McGough,2015,mcgousc01,Pitcher
430661,Dustin McGowan,2017,mcgowdu01,Pitcher
641850,Kevin McGowan,2017,mcgowke01,Pitcher
641851,Kyle McGowin,2019,mcgowky01,Pitcher
657681,Kyle McGrath,2018,mcgraky01,Pitcher
592547,Deck McGuire,2018,mcguide02,Pitcher
543521,Collin McHugh,2019,mchugco01,Pitcher
656713,Brendan McKay,2019,mckaybr01,Pitcher
641853,David McKay,2019,mckayda02,Pitcher
605374,Andrew McKirahan,2015,mckiran01,Pitcher
519015,Kyle McPherson,2012,mcpheky01,Pitcher
656725,Alex McRae,2019,mcraeal01,Pitcher
607644,John Means,2019,meansjo01,Pitcher
219194,Gil Meche,2010,mechegi01,Pitcher
430665,Brandon Medders,2010,meddebr01,Pitcher
500721,Yoervis Medina,2015,medinyo01,Pitcher
450665,Kris Medlen,2018,medlekr01,Pitcher
457425,Evan Meek,2014,meekev01,Pitcher
664682,Ryan Meisinger,2018,meisiry01,Pitcher
606167,Adalberto Mejia,2019,mejiaad01,Pitcher
516769,Jenrry Mejia,2015,mejiaje01,Pitcher
453343,Mark Melancon,2019,melanma01,Pitcher
622492,Keury Mella,2019,mellake01,Pitcher
459974,Jon Meloan,2009,meloajo01,Pitcher
543532,Tim Melville,2019,melviti01,Pitcher
458657,Adalberto Mendez,2010,mendead01,Pitcher
542669,Roman Mendez,2015,mendero01,Pitcher
622795,Yohander Mendez,2019,mendeyo01,Pitcher
434669,Luis Mendoza,2013,mendolu01,Pitcher
669214,Conner Menez,2019,menezco01,Pitcher
596043,Daniel Mengden,2019,mengdda01,Pitcher
542235,Melvin Mercedes,2014,merceme01,Pitcher
118967,Kent Mercker,2008,merckke01,Pitcher
448592,Cla Meredith,2010,meredcl01,Pitcher
607320,Ryan Merritt,2017,merriry01,Pitcher
434591,Randy Messenger,2009,messera01,Pitcher
543542,Alex Meyer,2017,meyeral01,Pitcher
656738,Ben Meyer,2018,meyerbe02,Pitcher
434159,Dan Meyer,2010,meyerda02,Pitcher
501874,Kam Mickolio,2011,mickoka01,Pitcher
641871,Keynan Middleton,2019,middlke01,Pitcher
467726,Jose Mijares,2013,mijarjo01,Pitcher
571945,Miles Mikolas,2019,mikolmi01,Pitcher
489119,Wade Miley,2019,mileywa01,Pitcher
453192,Andrew Miller,2019,millean01,Pitcher
461848,Jim Miller,2014,milleji02,Pitcher
502522,Justin Miller,2019,milleju02,Pitcher
277405,Justin Miller,2010,milleju01,Pitcher
571946,Shelby Miller,2019,millesh01,Pitcher
119125,Trever Miller,2011,milletr02,Pitcher
621219,Alec Mills,2019,millsal02,Pitcher
502166,Brad Mills,2015,millsbr02,Pitcher
119154,Kevin Millwood,2012,millwke01,Pitcher
571948,Hoby Milner,2019,milneho01,Pitcher
543548,Tommy Milone,2019,milonto01,Pitcher
132980,Eric Milton,2009,miltoer01,Pitcher
573668,Juan Minaya,2019,minayju01,Pitcher
435261,Zach Miner,2013,minerza01,Pitcher
501985,Mike Minor,2019,minormi01,Pitcher
621345,A. J. Minter,2019,minteaj01,Pitcher
664641,Ariel Miranda,2018,miranar01,Pitcher
435619,Pat Misch,2011,mischpa01,Pitcher
571951,Bryan Mitchell,2018,mitchbr01,Pitcher
543551,D. J. Mitchell,2012,mitchdj01,Pitcher
429901,Sergio Mitre,2011,mitrese01,Pitcher
452241,Garrett Mock,2010,mockga01,Pitcher
119215,Brian Moehler,2010,moehlbr01,Pitcher
594580,Sam Moll,2017,mollsa01,Pitcher
451783,Dustin Molleken,2016,molledu01,Pitcher
467856,Carlos Monasterios,2010,monasca01,Pitcher
606160,Rafael Montero,2019,montera01,Pitcher
656756,Jordan Montgomery,2019,montgjo01,Pitcher
543557,Mike Montgomery,2019,montgmi01,Pitcher
621058,Andrew Moore,2019,moorean02,Pitcher
519043,Matt Moore,2019,moorema02,Pitcher
462985,Franklin Morales,2016,moralfr01,Pitcher
591672,Osmer Morales,2018,moralos01,Pitcher
572383,Brian Moran,2019,moranbr01,Pitcher
670970,Adrián Morejón,2019,morejad01,Pitcher
514981,Diego Moreno,2017,morendi01,Pitcher
430650,Edwin Moreno,2009,morened01,Pitcher
605388,Adam Morgan,2019,morgaad01,Pitcher
434623,Juan Morillo,2009,morilju01,Pitcher
596049,Shawn Morimando,2016,morimsh01,Pitcher
573046,Mike Morin,2019,morinmi01,Pitcher
606625,Reyes Moronta,2019,moronre01,Pitcher
571963,A. J. Morris,2016,morriaj01,Pitcher
592570,Akeel Morris,2018,morriak01,Pitcher
457768,Bryan Morris,2017,morribr01,Pitcher
119403,Matt Morris,2008,morrima01,Pitcher
453344,Brandon Morrow,2018,morrobr01,Pitcher
489150,Clayton Mortensen,2013,mortecl01,Pitcher
450203,Charlie Morton,2019,mortoch02,Pitcher
446861,Guillermo Moscoso,2013,moscogu01,Pitcher
621209,Jon Moscot,2016,moscojo01,Pitcher
458595,Robert Mosebach,2009,mosebro01,Pitcher
400291,Dustin Moseley,2012,moseldu01,Pitcher
446290,Daniel Moskos,2011,moskoda01,Pitcher
150407,Guillermo Mota,2012,motagu01,Pitcher
435400,Jason Motte,2017,motteja01,Pitcher
622382,Gabriel Moya,2018,moyaga01,Pitcher
119469,Jamie Moyer,2012,moyerja01,Pitcher
493247,Peter Moylan,2018,moylape01,Pitcher
465629,Edward Mujica,2017,mujiced01,Pitcher
150426,Mark Mulder,2008,muldema01,Pitcher
571969,Conor Mullee,2016,mulleco01,Pitcher
453381,Kevin Mulvey,2010,mulveke01,Pitcher
444370,Carlos Muniz,2008,munizca01,Pitcher
662253,Andres Munoz,2019,munozan01,Pitcher
538506,Toru Murata,2015,muratto01,Pitcher
430889,Bill Murphy,2009,murphbi02,Pitcher
451262,A. J. Murray,2008,murraaj01,Pitcher
643466,Harrison Musgrave,2019,musgrha01,Pitcher
605397,Joe Musgrove,2019,musgrjo01,Pitcher
461377,Neal Musser,2008,mussene01,Pitcher
119608,Mike Mussina,2008,mussimi01,Pitcher
408206,Brett Myers,2013,myersbr01,Pitcher
429780,Chris Narveson,2016,narvech01,Pitcher
150274,Joe Nathan,2016,nathajo01,Pitcher
594943,Zach Neal,2018,nealza01,Pitcher
519076,Jimmy Nelson,2019,nelsoji02,Pitcher
406874,Joe Nelson,2010,nelsojo01,Pitcher
593576,Hector Neris,2019,nerishe01,Pitcher
553970,Angel Nesbitt,2015,nesbian01,Pitcher
450212,Pat Neshek,2019,neshepa01,Pitcher
596720,Dovydas Neverauskas,2019,neverdo01,Pitcher
623470,Jake Newberry,2019,newbeja01,Pitcher
656794,Sean Newcomb,2019,newcose01,Pitcher
456682,Josh Newman,2008,newmajo01,Pitcher
547820,Fu-Te Ni,2010,nifu01,Pitcher
504379,Juan Nicasio,2019,nicasju01,Pitcher
592593,Justin Nicolino,2017,nicolju01,Pitcher
435298,Jeff Niemann,2012,niemaje01,Pitcher
477003,Jonathon Niese,2016,niesejo01,Pitcher
430588,Fernando Nieve,2010,nievefe01,Pitcher
430962,Dustin Nippert,2010,nippedu01,Pitcher
656798,Jacob Nix,2018,nixja02,Pitcher
456051,Hector Noesi,2019,noesihe01,Pitcher
668665,Stephen Nogosek,2019,nogosst01,Pitcher
605400,Aaron Nola,2019,nolaaa01,Pitcher
445060,Ricky Nolasco,2017,nolasri01,Pitcher
543594,Sean Nolin,2015,nolinse01,Pitcher
119827,Hideo Nomo,2008,nomohi01,Pitcher
467099,Jordan Norberto,2012,norbejo01,Pitcher
502032,Bud Norris,2018,norribu01,Pitcher
596057,Daniel Norris,2019,norrida01,Pitcher
656803,James Norwood,2019,norwoja01,Pitcher
467100,Ivan Nova,2019,novaiv01,Pitcher
471919,Jhonny Nunez,2009,nunezjh01,Pitcher
136727,Vladimir Núñez,2009,nunezvl01,Pitcher
573064,Vidal Nuno,2018,nunovi01,Pitcher
456585,Mike O'Connor,2011,oconnmi01,Pitcher
503285,Darren O'Day,2019,odayda01,Pitcher
447714,Eric O'Flaherty,2017,oflaher01,Pitcher
622217,Chris O'Grady,2018,ogradch01,Pitcher
594951,Ryan O'Rourke,2019,orourry01,Pitcher
457711,Sean O'Sullivan,2016,osullse01,Pitcher
656805,Trevor Oaks,2018,oakstr01,Pitcher
623184,Scott Oberg,2019,obergsc01,Pitcher
519085,Brett Oberholtzer,2016,oberhbr01,Pitcher
543606,Jake Odorizzi,2019,odorija01,Pitcher
468396,Alexi Ogando,2018,ogandal01,Pitcher
596331,Nefi Ogando,2016,ogandne01,Pitcher
493200,Seunghwan Oh,2019,ohse01,Pitcher
219594,Tomo Ohka,2009,ohkato01,Pitcher
456027,Ross Ohlendorf,2016,ohlenro01,Pitcher
349193,Will Ohman,2012,ohmanwi01,Pitcher
660271,Shohei Ohtani,2019,ohtansh01,Pitcher
506606,Hideki Okajima,2013,okajihi01,Pitcher
595345,Steven Okert,2018,okertst01,Pitcher
501989,Andy Oliver,2011,olivean01,Pitcher
119984,Darren Oliver,2013,oliveda02,Pitcher
500902,Lester Oliveros,2014,olivele01,Pitcher
543607,Edgar Olmos,2015,olmosed01,Pitcher
435179,Scott Olsen,2010,olsensc01,Pitcher
457796,Garrett Olson,2012,olsonga01,Pitcher
621397,Tyler Olson,2019,olsonty01,Pitcher
476134,Brian Omogrosso,2013,omogrbr01,Pitcher
446185,Logan Ondrusek,2016,ondrulo01,Pitcher
471162,Anthony Ortega,2009,ortegan01,Pitcher
514639,Jose Ortega,2014,ortegjo01,Pitcher
517451,Joe Ortiz,2013,ortizjo05,Pitcher
656814,Luis Ortiz,2019,ortizlu02,Pitcher
133460,Russ Ortiz,2010,ortizru01,Pitcher
592612,Josh Osich,2019,osichjo01,Pitcher
434701,Franquelis Osoria,2008,osorifr01,Pitcher
532077,Roberto Osuna,2019,osunaro01,Pitcher
621261,Corey Oswalt,2019,oswalco01,Pitcher
400061,Roy Oswalt,2013,oswalro01,Pitcher
519096,Dan Otero,2019,oteroda01,Pitcher
493603,Adam Ottavino,2019,ottavad01,Pitcher
489189,Josh Outman,2014,outmajo01,Pitcher
592614,Dillon Overton,2017,overtdi01,Pitcher
434663,Juan Carlos Oviedo,2014,nunezle01,Pitcher
596064,Henry Owens,2016,owenshe02,Pitcher
502168,Rudy Owens,2014,owensru01,Pitcher
452249,Micah Owings,2012,owingmi01,Pitcher
663978,Chris Paddack,2019,paddach01,Pitcher
218894,Vicente Padilla,2012,padilvi01,Pitcher
641941,Emilio Pagan,2019,paganem01,Pitcher
461212,Matt Palmer,2012,palmema01,Pitcher
643478,Joe Palumbo,2019,palumjo01,Pitcher
623381,Thomas Pannone,2019,pannoth01,Pitcher
449097,Jonathan Papelbon,2016,papeljo01,Pitcher
622161,Eduardo Paredes,2018,pareded01,Pitcher
487675,Edward Paredes,2018,pareded02,Pitcher
449157,Mike Parisi,2008,parismi01,Pitcher
120221,Chan Ho Park,2010,parkch01,Pitcher
453284,Blake Parker,2019,parkebl01,Pitcher
519105,Jarrod Parker,2013,parkeja02,Pitcher
458730,Bobby Parnell,2016,parnebo01,Pitcher
406301,Chad Paronto,2009,paronch01,Pitcher
444970,James Parr,2009,parrja01,Pitcher
448159,Manny Parra,2015,parrama01,Pitcher
332292,John Parrish,2010,parrijo01,Pitcher
641149,Wes Parsons,2019,parsowe01,Pitcher
489197,Curtis Partch,2016,partccu01,Pitcher
519110,Joe Paterson,2014,paterjo01,Pitcher
572017,Red Patterson,2014,pattere02,Pitcher
456499,Scott Patterson,2008,pattesc01,Pitcher
456029,David Patton,2009,pattoda01,Pitcher
607359,Spencer Patton,2016,pattosp01,Pitcher
461856,Troy Patton,2014,pattotr01,Pitcher
456102,David Pauley,2012,pauleda01,Pitcher
600944,David Paulino,2018,paulida01,Pitcher
462956,Felipe Paulino,2014,paulife01,Pitcher
134321,Carl Pavano,2012,pavanca01,Pitcher
572020,James Paxton,2019,paxtoja01,Pitcher
606303,Joel Payamps,2019,payamjo01,Pitcher
622797,Pedro Payano,2019,payanpe01,Pitcher
572021,James Pazos,2019,pazosja01,Pitcher
502748,Brad Peacock,2019,peacobr01,Pitcher
408241,Jake Peavy,2016,peavyja01,Pitcher
460639,Jailen Peguero,2008,pegueja01,Pitcher
460059,Mike Pelfrey,2017,pelfrmi01,Pitcher
641962,CD Pelham,2018,pelhacd01,Pitcher
516414,Ariel Pena,2016,penaar01,Pitcher
570240,Felix Pena,2019,penafe01,Pitcher
430963,Tony Pena,2011,penato03,Pitcher
459983,Lance Pendleton,2011,pendlla01,Pitcher
435140,Hayden Penn,2010,pennha01,Pitcher
207267,Brad Penny,2014,pennybr01,Pitcher
642547,Freddy Peralta,2019,peralfr01,Pitcher
407908,Joel Peralta,2016,peraljo01,Pitcher
593974,Wandy Peralta,2019,peralwa01,Pitcher
503449,Wily Peralta,2019,peralwi01,Pitcher
120401,Troy Percival,2009,percitr01,Pitcher
606131,Luis Perdomo,2019,perdolu02,Pitcher
466412,Luis Perdomo,2012,perdolu01,Pitcher
453198,Chris Perez,2014,perezch01,Pitcher
672335,Cionel Pérez,2019,perezci01,Pitcher
448722,Juan Perez,2013,perezju01,Pitcher
469802,Luis Perez,2013,perezlu01,Pitcher
527048,Martin Perez,2019,perezma02,Pitcher
136602,Odalis Perez,2008,perezod01,Pitcher
424144,Oliver Perez,2019,perezol01,Pitcher
460370,Rafael Perez,2012,perezra01,Pitcher
554234,Williams Perez,2016,perezwi01,Pitcher
450282,Glen Perkins,2017,perkigl01,Pitcher
543634,Ryan Perry,2012,perryry01,Pitcher
502260,Vinnie Pestano,2015,pestavi01,Pitcher
596071,Dillon Peters,2019,peterdi01,Pitcher
623402,Tim Peterson,2019,peterti01,Pitcher
433589,Yusmeiro Petit,2019,petityu01,Pitcher
502593,Jake Petricka,2019,petrija01,Pitcher
543643,Jonathan Pettibone,2014,pettijo02,Pitcher
120485,Andy Pettitte,2013,pettian01,Pitcher
282562,Adam Pettyjohn,2008,pettyad01,Pitcher
475479,David Phelps,2019,phelpda01,Pitcher
623465,Evan Phillips,2019,phillev01,Pitcher
452061,Zach Phillips,2016,phillza01,Pitcher
450320,Carmen Pignatiello,2008,pignaca01,Pitcher
543652,Tyler Pill,2017,pillty01,Pitcher
516935,Stolmy Pimentel,2015,pimenst01,Pitcher
572038,Branden Pinder,2016,pindebr01,Pitcher
501381,Michael Pineda,2019,pinedmi01,Pitcher
334492,Joel Pineiro,2011,pineijo01,Pitcher
464416,Yohan Pino,2015,pinoyo01,Pitcher
430594,Renyel Pinto,2010,pintore01,Pitcher
620982,Ricardo Pinto,2019,pintori01,Pitcher
601713,Nick Pivetta,2019,pivetni01,Pitcher
668676,Zach Plesac,2019,plesaza01,Pitcher
592644,Adam Plutko,2019,plutkad01,Pitcher
621363,Colin Poche,2019,pocheco01,Pitcher
519141,Drew Pomeranz,2019,pomerdr01,Pitcher
456421,Stu Pomeranz,2012,pomerst01,Pitcher
594965,Daniel Ponce de Leon,2019,ponceda01,Pitcher
132260,Sidney Ponson,2009,ponsosi01,Pitcher
664092,Sean Poppen,2019,poppese01,Pitcher
519144,Rick Porcello,2019,porceri01,Pitcher
519145,Aaron Poreda,2014,poredaa01,Pitcher
572044,Brooks Pounders,2019,poundbr01,Pitcher
605428,Max Povse,2017,povsema01,Pitcher
596074,Bobby Poyner,2019,poynebo01,Pitcher
519151,Ryan Pressly,2019,pressry01,Pitcher
456034,David Price,2019,priceda01,Pitcher
429984,Scott Proctor,2011,proctsc01,Pitcher
643493,Austin Pruitt,2019,pruitau01,Pitcher
543668,Stephen Pryor,2014,pryorst01,Pitcher
640462,A. J. Puk,2019,pukaj01,Pitcher
453515,David Purcey,2013,purceda01,Pitcher
545357,Matt Purke,2016,purkema01,Pitcher
446367,Luke Putkonen,2014,putkolu01,Pitcher
474029,Zach Putnam,2017,putnaza01,Pitcher
407816,J. J. Putz,2014,putzjj01,Pitcher
534812,Kevin Quackenbush,2018,quackke01,Pitcher
430589,Chad Qualls,2017,quallch01,Pitcher
615698,Cal Quantrill,2019,quantca01,Pitcher
650671,Jose Quijada,2019,quijajo01,Pitcher
500779,Jose Quintana,2019,quintjo01,Pitcher
663432,Tanner Rainey,2019,raineta01,Pitcher
548384,Brooks Raley,2013,raleybr01,Pitcher
570702,Carlos Ramirez,2018,ramirca01,Pitcher
469735,Edwar Ramirez,2010,ramired01,Pitcher
430579,Elizardo Ramirez,2008,ramirel01,Pitcher
468517,Elvin Ramirez,2012,ramirel02,Pitcher
541640,Erasmo Ramirez,2019,ramirer02,Pitcher
400141,Horacio Ramirez,2011,ramirho01,Pitcher
500724,J. C. Ramirez,2019,ramirjc01,Pitcher
542432,Jose Ramirez,2018,ramirjo02,Pitcher
519166,Neil Ramirez,2019,ramirne01,Pitcher
598286,Nick Ramirez,2019,ramirni01,Pitcher
598287,Noe Ramirez,2019,ramirno01,Pitcher
459371,Ramon Ramirez,2009,ramirra03,Pitcher
430673,Ramon Ramirez,2014,ramirra02,Pitcher
606162,Yefry Ramirez,2019,ramirye01,Pitcher
573109,AJ Ramos,2018,ramosaj01,Pitcher
459987,Cesar Ramos,2016,ramosce01,Pitcher
591693,Edubray Ramos,2019,ramosed02,Pitcher
543677,Matt Ramsey,2019,ramsema01,Pitcher
519168,Anthony Ranaudo,2016,ranauan01,Pitcher
449060,Clay Rapada,2013,rapadcl01,Pitcher
474284,Cory Rasmus,2016,rasmuco02,Pitcher
519169,Rob Rasmussen,2015,rasmuro01,Pitcher
434480,Darrell Rasner,2008,rasneda01,Pitcher
400010,Jon Rauch,2013,rauchjo01,Pitcher
502051,Josh Ravin,2018,ravinjo01,Pitcher
444884,Chris Ray,2011,raych01,Pitcher
592662,Robbie Ray,2019,rayro02,Pitcher
459988,Robert Ray,2010,rayro01,Pitcher
607067,Colin Rea,2016,reaco01,Pitcher
595371,Chris Rearick,2015,rearich01,Pitcher
400062,Tim Redding,2009,redditi01,Pitcher
150230,Mark Redman,2008,redmama01,Pitcher
445170,Todd Redmond,2015,redmoto01,Pitcher
592665,Addison Reed,2018,reedad01,Pitcher
607068,Chris Reed,2015,reedch01,Pitcher
642003,Cody Reed,2019,reedco01,Pitcher
519175,Evan Reed,2014,reedev01,Pitcher
461862,Steven Register,2009,regisst01,Pitcher
474256,Ryan Reid,2013,reidry01,Pitcher
656887,Sean Reid-Foley,2019,reidfse01,Pitcher
448656,Chad Reineke,2011,reinech01,Pitcher
643617,Zac Reininger,2019,reiniza01,Pitcher
434592,Chris Resop,2013,resopch01,Pitcher
121099,Alberto Reyes,2008,reyesal01,Pitcher
621052,Alex Reyes,2019,reyesal02,Pitcher
435039,Anthony Reyes,2009,reyesan01,Pitcher
121096,Dennys Reyes,2011,reyesde01,Pitcher
622103,Gerardo Reyes,2019,reyesge01,Pitcher
660875,Jesus Reyes,2018,reyesje01,Pitcher
457456,Jo-Jo Reyes,2016,reyesjo03,Pitcher
453353,Greg Reynolds,2013,reynogr01,Pitcher
519186,Matt Reynolds,2016,reynoma02,Pitcher
642008,Jacob Rhame,2019,rhameja01,Pitcher
121125,Arthur Rhodes,2011,rhodear01,Pitcher
446488,Scott Rice,2014,ricesc01,Pitcher
453385,Clayton Richard,2019,richacl01,Pitcher
572070,Garrett Richards,2019,richaga01,Pitcher
670950,Trevor Richards,2019,richatr01,Pitcher
450580,Dustin Richardson,2010,richadu02,Pitcher
446341,Scott Richmond,2012,richmsc01,Pitcher
455047,Jeff Ridgway,2008,ridgwje01,Pitcher
592677,C. J. Riefenhauser,2015,riefecj01,Pitcher
516589,Andre Rienzo,2015,rienzan01,Pitcher
346799,Juan Rincon,2010,rincoju01,Pitcher
121215,Ricardo Rincon,2008,rincori01,Pitcher
429721,Royce Ring,2010,ringro01,Pitcher
605441,Yacksel Rios,2019,riosya01,Pitcher
228594,David Riske,2010,riskeda01,Pitcher
121250,Mariano Rivera,2013,riverma01,Pitcher
346800,Saul Rivera,2010,riversa01,Pitcher
543698,Donn Roach,2016,roachdo01,Pitcher
543699,Tanner Roark,2019,roarkta01,Pitcher
594977,Kenny Roberts,2015,roberke02,Pitcher
452075,Connor Robertson,2008,roberco01,Pitcher
502085,David Robertson,2019,roberda08,Pitcher
425146,Nate Robertson,2010,roberna01,Pitcher
502356,Tyler Robertson,2013,roberty01,Pitcher
570663,Hansel Robles,2019,robleha01,Pitcher
500909,Mauricio Robles,2013,roblema01,Pitcher
572086,Brady Rodgers,2019,rodgebr01,Pitcher
407845,Fernando Rodney,2019,rodnefe01,Pitcher
607074,Carlos Rodon,2019,rodonca01,Pitcher
444553,Aneury Rodriguez,2012,rodrian01,Pitcher
605446,Dereck Rodriguez,2019,rodride01,Pitcher
593958,Eduardo Rodriguez,2019,rodried05,Pitcher
451775,Fernando Rodriguez,2016,rodrife02,Pitcher
408061,Francisco Rodriguez,2017,rodrifr03,Pitcher
477557,Francisco Rodriguez,2011,rodrifr04,Pitcher
469159,Henry Rodriguez,2014,rodrihe03,Pitcher
622446,Jefry Rodriguez,2019,rodrije01,Pitcher
570257,Joely Rodriguez,2017,rodrijo06,Pitcher
572089,Paco Rodriguez,2015,rodrist02,Pitcher
444126,Rafael Rodriguez,2010,rodrira01,Pitcher
600965,Ricardo Rodriguez,2018,rodriri04,Pitcher
593144,Richard Rodriguez,2019,rodriri05,Pitcher
434643,Wandy Rodriguez,2015,rodriwa01,Pitcher
516853,Wilking Rodriguez,2014,rodriwi02,Pitcher
475054,Chaz Roe,2019,roech01,Pitcher
502158,Josh Roenicke,2013,roenijo01,Pitcher
469134,Esmil Rogers,2015,rogeres01,Pitcher
642028,Josh Rogers,2019,rogerjo01,Pitcher
121386,Kenny Rogers,2008,rogerke01,Pitcher
449161,Mark Rogers,2012,rogerma01,Pitcher
573124,Taylor Rogers,2019,rogerta01,Pitcher
643511,Tyler Rogers,2019,rogerty01,Pitcher
543716,David Rollins,2016,rollida01,Pitcher
605447,Jordan Romano,2019,romanjo03,Pitcher
607219,Sal Romano,2019,romansa01,Pitcher
544836,Enny Romero,2018,romeren01,Pitcher
622864,Fernando Romero,2019,romerfe01,Pitcher
460069,Ricky Romero,2013,romerri01,Pitcher
489265,Sergio Romo,2019,romose01,Pitcher
541652,Bruce Rondon,2018,rondobr01,Pitcher
444468,Hector Rondon,2019,rondohe01,Pitcher
504083,Jorge Rondon,2016,rondojo01,Pitcher
650738,Adonis Rosa,2019,rosaad01,Pitcher
460349,Carlos Rosa,2010,rosaca01,Pitcher
449820,Leo Rosales,2010,rosalle01,Pitcher
600968,Randy Rosario,2019,rosarra01,Pitcher
466459,Sandy Rosario,2013,rosarsa02,Pitcher
543725,B. J. Rosenberg,2014,rosenbj01,Pitcher
572096,Trevor Rosenthal,2019,rosentr01,Pitcher
519229,Seth Rosin,2015,rosinse01,Pitcher
605452,Joe Ross,2019,rossjo01,Pitcher
543726,Robbie Ross,2017,rossro01,Pitcher
475115,Tyson Ross,2019,rossty01,Pitcher
573127,Zac Rosscup,2019,rosscza01,Pitcher
607706,Michael Roth,2016,rothmi01,Pitcher
594985,Ben Rowen,2016,rowenbe01,Pitcher
434884,Ryan Rowland-Smith,2014,rowlary01,Pitcher
635903,Chris Rowley,2018,rowlech01,Pitcher
607968,Drew Rucinski,2018,rucindr01,Pitcher
592704,Chance Ruffin,2013,ruffich01,Pitcher
614179,Jose Ruiz,2019,ruizjo01,Pitcher
592705,Nick Rumbelow,2019,rumbeni01,Pitcher
457858,Rich Rundles,2009,rundlri01,Pitcher
502130,Dan Runzler,2017,runzlda01,Pitcher
434666,Josh Rupe,2011,rupejo01,Pitcher
121556,Glendon Rusch,2009,ruschgl01,Pitcher
543734,Chris Rusin,2019,rusinch01,Pitcher
452240,Adam Russell,2011,russead01,Pitcher
460701,James Russell,2016,russeja02,Pitcher
594986,Kyle Ryan,2019,ryanky01,Pitcher
547943,Hyun-Jin Ryu,2019,ryuhy01,Pitcher
472490,Jae Kuk Ryu,2008,ryuja01,Pitcher
519240,Marc Rzepczynski,2018,rzepcma01,Pitcher
424164,Kirk Saarloos,2008,saarlki01,Pitcher
452724,Billy Sadler,2009,sadlebi01,Pitcher
594987,Casey Sadler,2019,sadleca02,Pitcher
455961,Ryan Sadowski,2009,sadowry01,Pitcher
592712,Connor Sadzeck,2019,sadzeco01,Pitcher
493416,Takashi Saito,2012,saitota01,Pitcher
477569,Fernando Salas,2019,salasfe01,Pitcher
466838,Juan Salas,2008,salasju01,Pitcher
434978,Marino Salas,2008,salasma02,Pitcher
517593,Danny Salazar,2019,salazda01,Pitcher
519242,Chris Sale,2019,salech01,Pitcher
502188,Jeff Samardzija,2019,samarje01,Pitcher
592716,Adrian Sampson,2019,sampsad01,Pitcher
448200,Chris Sampson,2010,sampsch01,Pitcher
572102,Keyvius Sampson,2016,sampske01,Pitcher
502253,Alex Sanabia,2013,sanabal01,Pitcher
430083,Brian Sanches,2012,sanchbr01,Pitcher
592717,Aaron Sanchez,2019,sanchaa01,Pitcher
605795,Angel Sanchez,2017,sanchan03,Pitcher
434671,Anibal Sanchez,2019,sanchan01,Pitcher
400093,Duaner Sanchez,2009,sanchdu01,Pitcher
500674,Eduardo Sanchez,2013,sanched01,Pitcher
458008,Humberto Sanchez,2008,sanchhu01,Pitcher
456043,Jonathan Sanchez,2013,sanchjo01,Pitcher
454972,Romulo Sanchez,2010,sanchro01,Pitcher
663776,Patrick Sandoval,2019,sandopa02,Pitcher
490313,Amauri Sanit,2011,sanitam01,Pitcher
642701,Dennis Santana,2019,santade01,Pitcher
650828,Edgar Santana,2018,santaed01,Pitcher
429722,Ervin Santana,2019,santaer01,Pitcher
502327,Hector Santiago,2019,santihe01,Pitcher
608601,Luis Santos,2018,santolu01,Pitcher
435045,Sergio Santos,2015,santose01,Pitcher
430610,Dennis Sarfate,2009,sarfade01,Pitcher
434578,Joe Saunders,2014,saundjo01,Pitcher
599683,Warwick Saupold,2018,saupowa01,Pitcher
456045,Joe Savery,2014,saverjo01,Pitcher
444849,Jay Sborz,2010,sborzja01,Pitcher
622250,Josh Sborz,2019,sborzjo01,Pitcher
543746,Rob Scahill,2018,scahiro01,Pitcher
489294,Tanner Scheppers,2017,schepta01,Pitcher
453286,Max Scherzer,2019,scherma01,Pitcher
519259,Daniel Schlereth,2012,schleda01,Pitcher
459411,Travis Schlichting,2010,schlitr01,Pitcher
489295,Brian Schlitter,2019,schlibr01,Pitcher
534576,Gus Schlosser,2014,schlogu01,Pitcher
121834,Jason Schmidt,2009,schmija01,Pitcher
150011,Scott Schoeneweis,2010,schoesc01,Pitcher
670167,John Schreiber,2019,schrejo01,Pitcher
456744,Chris Schroder,2008,schroch01,Pitcher
519263,A. J. Schugel,2017,schugaj01,Pitcher
544759,Bo Schultz,2016,schulbo02,Pitcher
621289,Jaime Schultz,2019,schulja02,Pitcher
572119,Patrick Schuster,2016,schuspa01,Pitcher
543754,Michael Schwimer,2012,schwimi01,Pitcher
452737,Chris Schwinden,2012,schwich01,Pitcher
582494,Robby Scott,2019,scottro02,Pitcher
656945,Tanner Scott,2019,scottta01,Pitcher
605463,Tayler Scott,2019,scottta02,Pitcher
519267,Evan Scribner,2017,scribev01,Pitcher
644428,Troy Scribner,2018,scribtr01,Pitcher
121955,Rudy Seanez,2008,seaneru01,Pitcher
150144,Bobby Seay,2009,seaybo01,Pitcher
434629,Chris Seddon,2012,seddoch01,Pitcher
434564,Zack Segovia,2009,segovza01,Pitcher
572125,Sam Selman,2019,selmasa01,Pitcher
622608,Antonio Senzatela,2019,senzaan01,Pitcher
465015,Leyson Septimo,2012,septile01,Pitcher
443563,Alex Serrano,2008,serraal01,Pitcher
463037,Atahualpa Severino,2011,severat01,Pitcher
622663,Luis Severino,2019,severlu01,Pitcher
623149,Paul Sewald,2019,sewalpa01,Pitcher
594992,Kevin Shackelford,2018,shackke01,Pitcher
596101,Justin Shafer,2019,shafeju01,Pitcher
543766,Bryan Shaw,2019,shawbr01,Pitcher
642067,Mike Shawaryn,2019,shawami01,Pitcher
282656,Ben Sheets,2012,sheetbe01,Pitcher
656954,Justus Sheffield,2019,sheffju01,Pitcher
434579,Steven Shell,2009,shellst01,Pitcher
605469,Chandler Shepherd,2019,shephch01,Pitcher
642073,James Sherfy,2019,sherfji01,Pitcher
595411,Ryan Sherriff,2018,sherrry01,Pitcher
430941,George Sherrill,2012,sherrge01,Pitcher
448306,James Shields,2018,shielja02,Pitcher
276912,Scot Shields,2010,shielsc01,Pitcher
640463,Braden Shipley,2018,shiplbr01,Pitcher
533167,Matt Shoemaker,2019,shoemma01,Pitcher
122195,Brian Shouse,2009,shousbr01,Pitcher
592741,Chasen Shreve,2019,shrevch01,Pitcher
543779,Kevin Siegrist,2017,siegrke01,Pitcher
400067,Carlos Silva,2010,silvaca01,Pitcher
477581,Walter Silva,2009,silvawa01,Pitcher
623406,Shae Simmons,2017,simmosh01,Pitcher
430580,Alfredo Simon,2016,simonal01,Pitcher
608371,Lucas Sims,2019,simslu01,Pitcher
446213,Brett Sinkbeil,2010,sinkbbr01,Pitcher
448609,Tony Sipp,2019,sippto01,Pitcher
572140,Tyler Skaggs,2019,skaggty01,Pitcher
607215,Eric Skoglund,2019,skogler01,Pitcher
460104,Anthony Slama,2011,slamaan01,Pitcher
592753,Dan Slania,2017,slanida01,Pitcher
460657,Doug Slaten,2012,slatedo01,Pitcher
642083,Aaron Slegers,2019,slegeaa01,Pitcher
451497,Brian Slocum,2008,slocubr01,Pitcher
458713,Kevin Slowey,2014,sloweke01,Pitcher
656970,Devin Smeltzer,2019,smeltde01,Pitcher
544930,Blake Smith,2016,smithbl01,Pitcher
572143,Burch Smith,2019,smithbu03,Pitcher
592761,Caleb Smith,2019,smithca03,Pitcher
605476,Carson Smith,2018,smithca02,Pitcher
605477,Chad Smith,2015,smithch09,Pitcher
434672,Chris Smith,2017,smithch08,Pitcher
622098,Drew Smith,2018,smithdr01,Pitcher
460105,Greg Smith,2010,smithgr02,Pitcher
607727,Jake Smith,2016,smithja06,Pitcher
501925,Joe Smith,2019,smithjo05,Pitcher
502136,Jordan Smith,2011,smithjo06,Pitcher
605479,Josh Smith,2019,smithjo08,Pitcher
595001,Josh Smith,2019,smithjo07,Pitcher
573166,Murphy Smith,2018,smithmu01,Pitcher
519293,Will Smith,2019,smithwi04,Pitcher
519294,Josh Smoker,2018,smokejo01,Pitcher
122477,John Smoltz,2009,smoltjo01,Pitcher
592767,Drew Smyly,2019,smylydr01,Pitcher
605482,Cy Sneed,2019,sneedcy01,Pitcher
605483,Blake Snell,2019,snellbl01,Pitcher
430636,Ian Snell,2010,snellia01,Pitcher
592769,D. J. Snelten,2018,sneltdj01,Pitcher
607087,Scott Snodgress,2014,snodgsc01,Pitcher
216897,Kyle Snyder,2008,snydeky01,Pitcher
656977,Chad Sobotka,2019,sobotch01,Pitcher
462515,Miguel Socolovich,2018,socolmi01,Pitcher
519301,Sammy Solis,2018,solissa01,Pitcher
643550,Layne Somsen,2016,somsela01,Pitcher
458567,Andy Sonnanstine,2011,sonnaan01,Pitcher
465657,Joakim Soria,2019,soriajo01,Pitcher
400089,Rafael Soriano,2015,soriara01,Pitcher
647336,Mike Soroka,2019,sorokmi01,Pitcher
464400,Henry Sosa,2011,sosahe01,Pitcher
407901,Jorge Sosa,2010,sosajo02,Pitcher
543803,Giovanni Soto,2015,sotogi01,Pitcher
642397,Gregory Soto,2019,sotogr01,Pitcher
460265,Jeremy Sowers,2009,sowerje01,Pitcher
642098,Glenn Sparkman,2019,sparkgl01,Pitcher
642100,Gabe Speier,2019,speiega01,Pitcher
133221,Justin Speier,2009,speieju01,Pitcher
434627,Ryan Speier,2009,speiery01,Pitcher
446453,Levale Speigner,2008,speigle01,Pitcher
543805,Josh Spence,2012,spencjo01,Pitcher
122620,Russ Springer,2010,sprinru01,Pitcher
605488,Jeffrey Springs,2019,sprinje01,Pitcher
543809,Zeke Spruill,2014,spruize01,Pitcher
657766,Locke St. John,2019,stjohlo01,Pitcher
489334,Craig Stammen,2019,stammcr01,Pitcher
592773,Ryne Stanek,2019,stanery01,Pitcher
458094,Daniel Stange,2013,stangda01,Pitcher
150128,Denny Stark,2009,starkde01,Pitcher
664054,Cody Stashak,2019,stashco01,Pitcher
431162,Tim Stauffer,2015,staufti01,Pitcher
622251,Josh Staumont,2019,staumjo01,Pitcher
608716,Drew Steckenrider,2019,steckdr01,Pitcher
623451,Jackson Stephens,2018,stephja01,Pitcher
596112,Robert Stephenson,2019,stephro01,Pitcher
449777,Mitch Stetter,2011,stettmi01,Pitcher
459999,Jeff Stevens,2011,steveje01,Pitcher
592779,Brock Stewart,2019,stewabr01,Pitcher
640464,Kohl Stewart,2019,stewako01,Pitcher
543819,Zach Stewart,2012,stewaza01,Pitcher
502139,Josh Stinson,2014,stinsjo01,Pitcher
592781,Matt Stites,2015,stitema01,Pitcher
476594,Robert Stock,2019,stockro01,Pitcher
430666,Phil Stockman,2008,stockph01,Pitcher
425530,Brian Stokes,2010,stokebr01,Pitcher
502621,Tobi Stoner,2010,stoneto01,Pitcher
519322,Drew Storen,2017,storedr01,Pitcher
493547,Mickey Storey,2013,storemi01,Pitcher
657770,Eric Stout,2018,stouter01,Pitcher
621381,Matt Strahm,2019,strahma01,Pitcher
573185,Dan Straily,2019,straida01,Pitcher
544931,Stephen Strasburg,2019,strasst01,Pitcher
608717,Chris Stratton,2019,stratch01,Pitcher
434718,Huston Street,2017,streehu01,Pitcher
519326,Hunter Strickland,2019,strichu01,Pitcher
548389,Ross Stripling,2019,stripro01,Pitcher
573186,Marcus Stroman,2019,stromma01,Pitcher
467008,Pedro Strop,2019,stroppe01,Pitcher
445590,Eric Stults,2015,stulter01,Pitcher
621385,Daniel Stumpf,2019,stumpda01,Pitcher
573188,Tyler Sturdevant,2016,sturdty01,Pitcher
122915,Tanyon Sturtze,2008,sturtta01,Pitcher
544150,Albert Suarez,2017,suareal01,Pitcher
605498,Andrew Suarez,2019,suarean01,Pitcher
660761,Jose Suarez,2019,suarejo01,Pitcher
624133,Ranger Suarez,2019,suarera01,Pitcher
593833,Wander Suero,2019,suerowa01,Pitcher
642121,Cole Sulser,2019,sulseco01,Pitcher
122987,Jeff Suppan,2012,suppaje01,Pitcher
474668,Eric Surkamp,2016,surkaer01,Pitcher
608718,Brent Suter,2019,suterbr01,Pitcher
657024,Erik Swanson,2019,swanser01,Pitcher
461872,Anthony Swarzak,2019,swarzan01,Pitcher
425789,Brian Sweeney,2010,sweenbr01,Pitcher
449881,R. J. Swindle,2009,swindrj01,Pitcher
408304,Jon Switzer,2009,switzjo01,Pitcher
592789,Noah Syndergaard,2019,syndeno01,Pitcher
592791,Jameson Taillon,2019,taillja01,Pitcher
538227,Hisanori Takahashi,2013,takahhi01,Pitcher
548092,Ken Takahashi,2009,takahke01,Pitcher
452676,Mitch Talbot,2011,talbomi01,Pitcher
425226,Brian Tallet,2011,tallebr01,Pitcher
547888,Masahiro Tanaka,2019,tanakma01,Pitcher
452237,Taylor Tankersley,2010,tanketa01,Pitcher
605501,Stephen Tarpley,2019,tarplst01,Pitcher
435620,Jack Taschner,2010,taschja01,Pitcher
622253,Dillon Tate,2019,tatedi01,Pitcher
599899,Yoshinori Tateyama,2012,tateyyo01,Pitcher
457458,Ty Taubenheim,2008,taubety01,Pitcher
123118,Julian Tavarez,2009,tavarju01,Pitcher
476531,Andrew Taylor,2012,tayloan01,Pitcher
501869,Graham Taylor,2009,taylogr01,Pitcher
657031,Josh Taylor,2019,taylojo02,Pitcher
547749,Junichi Tazawa,2018,tazawju01,Pitcher
501870,Everett Teaford,2015,teafoev01,Pitcher
527054,Julio Teheran,2019,teherju01,Pitcher
434565,Rob Tejeda,2011,tejedro01,Pitcher
572193,Ryan Tepera,2019,teperry01,Pitcher
519344,Nick Tepesch,2017,tepesni01,Pitcher
444427,Kanekoa Texeira,2011,texeika01,Pitcher
491159,Joe Thatcher,2015,thatcjo01,Pitcher
445612,Dale Thayer,2015,thayeda01,Pitcher
573204,Caleb Thielbar,2015,thielca01,Pitcher
346801,Brad Thomas,2011,thomabr01,Pitcher
621962,Ian Thomas,2015,thomaia01,Pitcher
476206,Justin Thomas,2012,thomaju01,Pitcher
457744,Aaron Thompson,2015,thompaa01,Pitcher
433581,Brad Thompson,2010,thompbr01,Pitcher
444354,Daryl Thompson,2011,thompda02,Pitcher
622097,Jake Thompson,2018,thompja03,Pitcher
460366,Rich Thompson,2012,thompri03,Pitcher
543853,Taylor Thompson,2014,thompta01,Pitcher
592804,Tyler Thornburg,2019,thornty01,Pitcher
407819,Matt Thornton,2016,thornma01,Pitcher
663423,Trent Thornton,2019,thorntr01,Pitcher
626929,Lewis Thorpe,2019,thorple01,Pitcher
408069,Erick Threets,2010,threeer01,Pitcher
501957,Chris Tillman,2018,tillmch01,Pitcher
123348,Mike Timlin,2008,timlimi01,Pitcher
622786,Jesus Tinoco,2019,tinocje01,Pitcher
474226,Mason Tobin,2011,tobinma01,Pitcher
519357,Jess Todd,2010,toddje01,Pitcher
474521,Shawn Tolleson,2016,tollesh01,Pitcher
572208,Ashur Tolliver,2017,tollias01,Pitcher
123387,Brett Tomko,2011,tomkobr01,Pitcher
458708,Josh Tomlin,2019,tomlijo01,Pitcher
543859,Michael Tonkin,2017,tonkimi01,Pitcher
456776,Alex Torres,2015,torreal01,Pitcher
448614,Carlos Torres,2019,torreca01,Pitcher
600526,Jose Torres,2017,torrejo02,Pitcher
123415,Salomon Torres,2008,torresa01,Pitcher
657053,Touki Toussaint,2019,toussto01,Pitcher
346869,Josh Towers,2009,towerjo01,Pitcher
407896,Billy Traber,2009,trabebi01,Pitcher
123431,Steve Trachsel,2008,trachst01,Pitcher
595441,Matt Tracy,2015,tracyma01,Pitcher
595014,Blake Treinen,2019,treinbl01,Pitcher
592811,Andrew Triggs,2018,triggan01,Pitcher
642152,Lou Trivino,2019,trivilo01,Pitcher
470462,Ramon Troncoso,2013,troncra01,Pitcher
607374,Nick Tropeano,2019,tropeni01,Pitcher
425835,Chin-hui Tsao,2016,tsaoch01,Pitcher
627500,Jen-Ho Tseng,2018,tsengje01,Pitcher
457761,Ryan Tucker,2011,tuckery01,Pitcher
592815,Sam Tuivailala,2019,tuivasa01,Pitcher
543867,Nik Turley,2017,turleni01,Pitcher
276913,Derrick Turnbow,2008,turnbde01,Pitcher
605513,Spencer Turnbull,2019,turnbsp01,Pitcher
545363,Jacob Turner,2018,turneja01,Pitcher
493157,Koji Uehara,2017,ueharko01,Pitcher
621249,Duane Underwood,2019,underdu01,Pitcher
570632,Jose Urena,2019,urenajo01,Pitcher
628711,Julio Urias,2019,uriasju01,Pitcher
664353,Jose Urquidy,2019,urquijo01,Pitcher
447744,Raúl Valdés,2014,valdera02,Pitcher
491624,Cesar Valdez,2017,valdece01,Pitcher
664285,Framber Valdez,2019,valdefr01,Pitcher
572308,Jose Valdez,2018,valdejo03,Pitcher
451990,Jose Valdez,2012,valdejo01,Pitcher
429723,Merkin Valdez,2011,valdeme01,Pitcher
570488,Phillips Valdez,2019,valdeph01,Pitcher
407878,Jose Valverde,2014,valvejo01,Pitcher
429724,John Van Benschoten,2008,vanbejo01,Pitcher
462995,Rick van den Hurk,2012,vanderi01,Pitcher
570714,Cesar Vargas,2016,vargace01,Pitcher
282567,Claudio Vargas,2010,vargacl01,Pitcher
450306,Jason Vargas,2019,vargaja01,Pitcher
460008,Anthony Varvaro,2015,varvaan01,Pitcher
607755,Andrew Vasquez,2019,vasquan02,Pitcher
457786,Anthony Vasquez,2011,vasquan01,Pitcher
458220,Esmerling Vasquez,2012,vasques01,Pitcher
446911,Virgil Vasquez,2009,vasquvi01,Pitcher
657786,Jerry Vasto,2018,vastoje01,Pitcher
553878,Felipe Vazquez,2019,riverfe01,Pitcher
134320,Javier Vazquez,2011,vazquja01,Pitcher
453264,Donnie Veal,2015,vealdo01,Pitcher
592826,Vince Velasquez,2019,velasvi01,Pitcher
584171,Hector Velazquez,2019,velazhe01,Pitcher
519381,Pat Venditte,2019,vendipa01,Pitcher
458924,Jonny Venters,2019,ventejo01,Pitcher
570649,Yordano Ventura,2016,ventuyo01,Pitcher
407842,Jose Veras,2014,verasjo01,Pitcher
489400,Ryan Verdugo,2012,verdury01,Pitcher
572403,Drew VerHagen,2019,verhadr01,Pitcher
434378,Justin Verlander,2019,verlaju01,Pitcher
548337,Logan Verrett,2017,verrelo01,Pitcher
600986,Thyago Vieira,2019,vieirth01,Pitcher
453646,Carlos Villanueva,2016,villaca01,Pitcher
534631,Elih Villanueva,2011,villael01,Pitcher
492821,Henry Villar,2010,villahe02,Pitcher
500903,Brayan Villarreal,2013,villabr02,Pitcher
425629,Oscar Villarreal,2008,villaos01,Pitcher
543881,Pedro Villarreal,2015,villape01,Pitcher
123725,Ron Villone,2009,villoro01,Pitcher
543883,Nick Vincent,2019,vinceni01,Pitcher
501638,Pedro Viola,2011,violape01,Pitcher
527055,Arodys Vizcaino,2019,vizcaar01,Pitcher
150430,Luis Vizcaino,2009,vizcalu01,Pitcher
285064,Ryan Vogelsong,2016,vogelry01,Pitcher
450172,Edinson Volquez,2019,volqued01,Pitcher
458690,Chris Volstad,2018,volstch01,Pitcher
608723,Austin Voth,2019,vothau01,Pitcher
608379,Michael Wacha,2019,wachami01,Pitcher
493159,Tsuyoshi Wada,2015,wadats01,Pitcher
455730,Jason Waddell,2009,waddeja01,Pitcher
460677,Cory Wade,2012,wadeco01,Pitcher
425531,Doug Waechter,2009,waechdo01,Pitcher
123790,Billy Wagner,2010,wagnebi02,Pitcher
474599,Neil Wagner,2014,wagnene01,Pitcher
621281,Tyler Wagner,2016,wagnety01,Pitcher
621097,Jacob Waguespack,2019,wagueja01,Pitcher
592833,Bobby Wahl,2018,wahlbo01,Pitcher
425794,Adam Wainwright,2019,wainwad01,Pitcher
123801,Tim Wakefield,2011,wakefti01,Pitcher
477229,Jordan Walden,2015,waldejo01,Pitcher
519393,Marcus Walden,2019,waldema01,Pitcher
448252,Kyle Waldrop,2012,waldrky01,Pitcher
123828,Jamie Walker,2009,walkeja01,Pitcher
668683,Jeremy Walker,2019,walkeje02,Pitcher
592836,Taijuan Walker,2019,walketa01,Pitcher
400104,Tyler Walker,2010,walkety01,Pitcher
476205,Josh Wall,2014,walljo02,Pitcher
400113,Les Walrond,2008,walrole01,Pitcher
502208,P. J. Walters,2013,waltepj01,Pitcher
425426,Chien-Ming Wang,2016,wangch01,Pitcher
623913,Wei-Chung Wang,2019,wangwe01,Pitcher
476589,Adam Warren,2019,warread01,Pitcher
605521,Art Warren,2019,warrear01,Pitcher
132220,Jarrod Washburn,2009,washbja01,Pitcher
469164,Ehren Wassermann,2008,wasseeh01,Pitcher
425561,Chris Waters,2009,waterch01,Pitcher
453265,Tony Watson,2019,watsoto01,Pitcher
124000,David Weathers,2009,weathda01,Pitcher
213711,Jeff Weaver,2010,weaveje01,Pitcher
450308,Jered Weaver,2017,weaveje02,Pitcher
596133,Luke Weaver,2019,weavelu01,Pitcher
425630,Brandon Webb,2009,webbbr01,Pitcher
543900,Daniel Webb,2016,webbda01,Pitcher
657097,Jacob Webb,2019,webbja01,Pitcher
657277,Logan Webb,2019,webblo01,Pitcher
444436,Ryan Webb,2016,webbry01,Pitcher
643778,Tyler Webb,2019,webbty01,Pitcher
543901,Ryan Weber,2019,weberry01,Pitcher
519403,Thad Weber,2013,weberth01,Pitcher
543903,Allen Webster,2019,webstal01,Pitcher
475095,Kyle Weiland,2012,weilaky01,Pitcher
519405,Robbie Weinhardt,2011,weinhro01,Pitcher
592848,Zack Weiss,2018,weissza01,Pitcher
444992,Duke Welker,2013,welkedu01,Pitcher
425487,Todd Wellemeyer,2010,welleto01,Pitcher
457437,Jared Wells,2008,wellsja02,Pitcher
150337,Kip Wells,2012,wellski01,Pitcher
448694,Randy Wells,2012,wellsra01,Pitcher
605525,J. B. Wendelken,2019,wendejb01,Pitcher
599819,Andrew Werner,2012,wernean01,Pitcher
519411,Matt West,2015,westma03,Pitcher
476811,Sean West,2010,westse01,Pitcher
150414,Jake Westbrook,2013,westbja01,Pitcher
547007,Robert Whalen,2018,whalero01,Pitcher
235095,Dan Wheeler,2012,wheelda01,Pitcher
605528,Jason Wheeler,2017,wheelja01,Pitcher
554430,Zach Wheeler,2019,wheelza01,Pitcher
460128,Kevin Whelan,2014,whelake01,Pitcher
452217,Wes Whisler,2009,whislwe01,Pitcher
502229,Alex White,2012,whiteal01,Pitcher
450321,Bill White,2008,whitebi04,Pitcher
457461,Sean White,2010,whitese02,Pitcher
595032,Chase Whitley,2018,whitlch01,Pitcher
592858,Rowan Wick,2019,wickro01,Pitcher
623364,Brad Wieck,2019,wieckbr01,Pitcher
543921,Joe Wieland,2016,wielajo01,Pitcher
452666,Tom Wilhelmsen,2017,wilheto01,Pitcher
573244,Adam Wilk,2017,wilkad01,Pitcher
658792,Aaron Wilkerson,2019,wilkeaa01,Pitcher
657117,Austen Williams,2019,williau01,Pitcher
642207,Devin Williams,2019,willide03,Pitcher
425532,Jerome Williams,2016,willije01,Pitcher
430942,Randy Williams,2011,willira01,Pitcher
592865,Taylor Williams,2019,willita01,Pitcher
592866,Trevor Williams,2019,willitr01,Pitcher
425883,Dontrelle Willis,2011,willido03,Pitcher
543935,Alex Wilson,2019,wilsoal01,Pitcher
451216,Brian Wilson,2014,wilsobr01,Pitcher
669060,Bryse Wilson,2019,wilsobr02,Pitcher
450351,C. J. Wilson,2015,wilsocj01,Pitcher
458677,Justin Wilson,2019,wilsoju10,Pitcher
592869,Tyler Wilson,2017,wilsoty01,Pitcher
592872,Alex Wimmers,2017,wimmeal01,Pitcher
622259,Trey Wingenter,2019,wingetr01,Pitcher
595465,Dan Winkler,2019,winklda01,Pitcher
277184,Matt Wise,2008,wisema01,Pitcher
605538,Matt Wisler,2019,wislema01,Pitcher
519437,Chris Withrow,2016,withrch01,Pitcher
621295,Nick Wittgren,2019,wittgni01,Pitcher
592879,Asher Wojciechowski,2019,wojcias01,Pitcher
150116,Randy Wolf,2015,wolfra02,Pitcher
448693,Ross Wolf,2013,wolfro01,Pitcher
430582,Brian Wolfe,2009,wolfebr01,Pitcher
622072,Alex Wood,2019,woodal02,Pitcher
502028,Blake Wood,2018,woodbl01,Pitcher
621056,Hunter Wood,2019,woodhu01,Pitcher
134268,Kerry Wood,2012,woodke02,Pitcher
445971,Tim Wood,2011,woodti01,Pitcher
475243,Travis Wood,2017,woodtr01,Pitcher
605540,Brandon Woodruff,2019,woodrbr01,Pitcher
430646,Jake Woods,2008,woodsja01,Pitcher
543942,Rob Wooten,2015,wootero01,Pitcher
519443,Brandon Workman,2019,workmbr01,Pitcher
474699,Vance Worley,2017,worleva01,Pitcher
450312,Mark Worrell,2011,worrema01,Pitcher
642226,Matt Wotherspoon,2019,wothema01,Pitcher
642229,Daniel Wright,2017,wrighda04,Pitcher
124604,Jamey Wright,2014,wrighja01,Pitcher
657140,Kyle Wright,2019,wrighky01,Pitcher
605541,Mike Wright,2019,wrighmi01,Pitcher
453214,Steven Wright,2019,wrighst01,Pitcher
449079,Wesley Wright,2015,wrighwe01,Pitcher
430900,Michael Wuertz,2011,wuertmi01,Pitcher
435158,Keiichi Yabu,2008,yabuke01,Pitcher
493161,Yasuhiko Yabuta,2009,yabutya01,Pitcher
642231,Jimmy Yacabonis,2019,yacabji01,Pitcher
657141,Jordan Yamamoto,2019,yamamjo01,Pitcher
642232,Ryan Yarbrough,2019,yarbrry01,Pitcher
642233,Eric Yardley,2019,yardler01,Pitcher
489446,Kirby Yates,2019,yateski01,Pitcher
407884,Tyler Yates,2009,yatesty01,Pitcher
593679,Gabriel Ynoa,2019,ynoaga01,Pitcher
660623,Huascar Ynoa,2019,ynoahu01,Pitcher
573589,Michael Ynoa,2017,ynoami01,Pitcher
622065,Alex Young,2019,youngal01,Pitcher
432934,Chris Young,2017,youngch03,Pitcher
572283,Madison Younginer,2016,youngma03,Pitcher
489448,Mike Zagurski,2018,zagurmi01,Pitcher
407296,Carlos Zambrano,2012,zambrca01,Pitcher
623354,Daniel Zamora,2019,zamorda01,Pitcher
642239,Rob Zastryzny,2018,zastrro01,Pitcher
501826,Clay Zavada,2009,zavadcl01,Pitcher
473646,Josh Zeid,2014,zeidjo01,Pitcher
643615,T. J. Zeuch,2019,zeuchtj01,Pitcher
446899,Brad Ziegler,2018,zieglbr01,Pitcher
622092,Kyle Zimmer,2019,zimmeky01,Pitcher
519455,Jordan Zimmermann,2019,zimmejo02,Pitcher
468402,Charlie Zink,2008,zinkch01,Pitcher
217096,Barry Zito,2015,zitoba01,Pitcher
451491,Joel Zumaya,2010,zumayjo01,Pitcher
543964,Tony Zych,2017,zychto01,Pitcher
518397,Scott Alexander,2019,alexasc02,Pitcher
656222,Jalen Beeks,2019,beeksja02,Pitcher
150359,A. J. Burnett,2015,burnea.01,Pitcher
553883,Vicente Campos,2016,campovi01,Pitcher
605200,Zach Davies,2019,davieza02,Pitcher
407822,Jorge De La Rosa,2018,rosajo01,Pitcher
285079,R. A. Dickey,2017,dicker.01,Pitcher
150119,Freddy Garcia,2013,garcifr03,Pitcher
501789,Will Harris,2019,harriwi10,Pitcher
621141,Walker Lockett,2019,lockewa01,Pitcher
150438,Rodrigo Lopez,2012,lopezro02,Pitcher
593423,Frankie Montas,2019,montafr02,Pitcher
605396,Colton Murray,2016,murraco02,Pitcher
150009,Ramon Ortiz,2013,ortizra02,Pitcher
458669,Bryan Price,2014,pricebr10,Pitcher
642578,Jose Rodriguez,2019,rodrijo07,Pitcher
240694,J. C. Romero,2012,romerj.01,Pitcher
124805,B. J. Ryan,2009,ryanb.01,Pitcher
282332,CC Sabathia,2019,sabatc.01,Pitcher
276371,Johan Santana,2012,santajo02,Pitcher
627262,Chris Smith,2017,smithch10,Pitcher
232994,Scott Strickland,2010,stricsc02,Pitcher
452741,Michael Stutes,2013,sttuemi01,Pitcher
664701,Ben Taylor,2018,taylobe10,Pitcher
592279,Jesen Therrien,2017,dygesje01,Pitcher
