id,full_name,mlb_played_last,key_bbref,player_type,balls_in_play
547989,José Abreu,2019,abreujo02,Batter,2346
554429,Dustin Ackley,2016,ackledu01,Batter,245
660670,Ronald Acuna,2019,acunaro01,Batter,748
542436,Cristhian Adames,2019,adamecr01,Batter,241
642715,Willy Adames,2019,adamewi01,Batter,571
542866,Austin Adams,2019,adamsau01,Pitcher,1
572669,Lane Adams,2018,adamsla01,Batter,89
571431,Matt Adams,2019,adamsma01,Batter,1029
451192,Jim Adduci,2019,adducji02,Batter,189
534947,Tim Adleman,2017,adlemti01,Pitcher,29
501303,Ehire Adrianza,2019,adriaeh01,Batter,695
642607,Dario Agrazal,2019,agrazda01,Pitcher,13
542583,Jesus Aguilar,2019,aguilje01,Batter,784
605113,Nick Ahmed,2019,ahmedni01,Batter,1544
595798,R. J. Alaniz,2019,alanirj01,Pitcher,1
452027,Andrew Albers,2017,alberan01,Pitcher,1
458006,Matt Albers,2019,alberma01,Pitcher,1
593643,Hanser Alberto,2019,alberha01,Batter,618
645277,Ozzie Albies,2019,albieoz01,Batter,1232
570489,Arismendy Alcantara,2017,alcanar01,Batter,93
645261,Sandy Alcantara,2019,alcansa01,Pitcher,16
595751,Jorge Alfaro,2019,alfarjo01,Batter,565
546990,Anthony Alford,2019,alforan01,Batter,32
663465,Kolby Allard,2019,allarko01,Pitcher,3
664119,Austin Allen,2019,allenau01,Batter,44
656185,Greg Allen,2019,allengr01,Batter,412
663531,Logan Allen,2019,allenlo01,Pitcher,4
501659,Abraham Almonte,2019,almonab01,Batter,567
622075,Yency Almonte,2019,almonye01,Pitcher,3
546991,Albert Almora,2019,almoral01,Batter,976
624413,Pete Alonso,2019,alonspe01,Batter,414
475174,Yonder Alonso,2019,alonsyo01,Batter,1662
571437,Aaron Altherr,2019,altheaa01,Batter,681
514888,Jose Altuve,2019,altuvjo01,Batter,2520
645848,Dariel Álvarez,2016,alvarda02,Batter,24
506693,Henderson Alvarez,2017,alvarhe01,Pitcher,9
501625,Jose Alvarez,2019,alvarjo02,Pitcher,1
476883,Pedro Alvarez,2018,alvarpe01,Batter,643
670541,Yordan Álvarez,2019,alvaryo01,Batter,219
640470,Adbert Alzolay,2019,alzolad01,Pitcher,3
506560,Alexi Amarista,2017,amarial01,Batter,513
474463,Brett Anderson,2019,anderbr04,Pitcher,30
605119,Brian Anderson,2019,anderbr06,Batter,862
457762,Bryan Anderson,2015,anderbr05,Batter,4
502624,Chase Anderson,2019,anderch01,Pitcher,104
623454,Drew Anderson,2019,anderdr02,Pitcher,2
641312,Shaun Anderson,2019,andersh01,Pitcher,6
664196,Tanner Anderson,2019,anderta01,Pitcher,1
641313,Tim Anderson,2019,anderti01,Batter,1525
542881,Tyler Anderson,2019,anderty01,Pitcher,54
435180,Robert Andino,2016,andinro01,Batter,20
607430,John Andreoli,2018,andrejo03,Batter,42
542882,Matt Andriese,2019,andrima01,Pitcher,5
462101,Elvis Andrus,2019,andruel01,Batter,2329
609280,Miguel Andujar,2019,andujmi01,Batter,519
542883,Dean Anna,2015,annade01,Batter,1
493114,Nori Aoki,2017,aokino01,Batter,994
606157,Aristides Aquino,2019,aquinar01,Batter,145
502042,Chris Archer,2019,archech01,Pitcher,38
516472,Francisco Arcia,2018,arciafr01,Batter,76
606115,Orlando Arcia,2019,arciaor01,Batter,1206
542455,Oswaldo Arcia,2016,arciaos01,Batter,165
571448,Nolan Arenado,2019,arenano01,Batter,2484
450317,J. P. Arencibia,2015,arencjp01,Batter,49
435078,Joaquin Arias,2015,ariasjo01,Batter,46
668227,Randy Arozarena,2019,arozara01,Batter,16
650333,Luis Arraez,2019,arraelu01,Batter,297
453562,Jake Arrieta,2019,arrieja01,Pitcher,144
276520,Bronson Arroyo,2017,arroybr01,Pitcher,16
624414,Christian Arroyo,2019,arroych01,Batter,162
600858,Humberto Arteaga,2019,arteahu01,Batter,94
605125,Cody Asche,2017,ascheco01,Batter,493
594742,Alec Asher,2018,asheral01,Pitcher,9
502213,Nevin Ashley,2015,ashlene01,Batter,12
553902,Willians Astudillo,2019,astudwi01,Batter,272
641319,Carlos Asuaje,2018,asuajca01,Batter,394
592122,Tyler Austin,2019,austity01,Batter,306
623214,Abiatal Avelino,2019,aveliab01,Batter,12
488671,Alex Avila,2019,avilaal01,Batter,594
658648,Pedro Avila,2019,avilape01,Pitcher,1
501593,Luis Avilan,2019,avilalu01,Pitcher,2
449107,Mike Aviles,2017,avilemi01,Batter,463
518420,Dylan Axelrod,2015,axelrdy01,Pitcher,1
430947,Erick Aybar,2017,aybarer01,Batter,1145
488674,Burke Badenhop,2015,badenbu01,Pitcher,1
664056,Harrison Bader,2019,baderha01,Batter,545
595879,Javier Baez,2019,baezja01,Batter,1504
520980,Pedro Baez,2019,baezpe01,Pitcher,3
456701,Homer Bailey,2019,baileho02,Pitcher,46
425557,Jeff Baker,2015,bakerje03,Batter,47
435044,Scott Baker,2015,bakersc02,Pitcher,2
444446,Collin Balester,2015,balesco01,Pitcher,1
607455,Anthony Banda,2019,bandaan01,Pitcher,2
542908,Jett Bandy,2018,bandyje01,Batter,332
544365,Manny Banuelos,2019,banuema01,Pitcher,2
592127,Johnny Barbato,2018,barbajo01,Pitcher,1
425549,Clint Barmes,2015,barmecl01,Batter,152
605131,Austin Barnes,2019,barneau01,Batter,510
488681,Brandon Barnes,2018,barnebr02,Batter,272
446381,Darwin Barney,2017,barneda01,Batter,528
571466,Tucker Barnhart,2019,barnhtu01,Batter,1401
571467,Steven Baron,2019,baronst01,Batter,16
668663,Tres Barrera,2019,barretr01,Batter,2
620439,Franklin Barreto,2019,barrefr02,Batter,116
642545,Jaime Barria,2019,barrija01,Pitcher,5
605135,Chris Bassitt,2019,bassich01,Pitcher,3
545333,Trevor Bauer,2019,bauertr01,Pitcher,16
641343,Jake Bauers,2019,bauerja01,Batter,476
571473,Buddy Baumann,2018,baumabu01,Pitcher,1
430832,Jose Bautista,2018,bautijo02,Batter,1388
622441,Rafael Bautista,2018,bautira01,Batter,25
488689,Mike Baxter,2015,baxtemi01,Batter,43
545404,Brandon Beachy,2015,beachbr01,Pitcher,1
607461,Matt Beaty,2019,beatyma01,Batter,216
493596,Gordon Beckham,2019,beckhgo01,Batter,564
542921,Tim Beckham,2019,beckhti01,Batter,1102
595881,Tyler Beede,2019,beedety01,Pitcher,15
542923,Dallas Beeler,2015,beeleda01,Pitcher,2
430613,Ronald Belisario,2015,belisro01,Pitcher,1
279571,Matt Belisle,2018,belisma01,Pitcher,2
605137,Josh Bell,2019,belljo02,Batter,1347
641355,Cody Bellinger,2019,bellico01,Batter,1190
474832,Brandon Belt,2019,beltbr01,Batter,1708
136860,Carlos Beltran,2017,beltrca01,Batter,1209
134181,Adrian Beltre,2018,beltrad01,Batter,1644
621532,Anthony Bemboom,2019,bemboan01,Batter,33
643217,Andrew Benintendi,2019,beninan01,Batter,1415
503437,James Beresford,2016,beresja01,Batter,16
548357,Christian Bergman,2018,bergmch01,Pitcher,14
448674,Doug Bernier,2015,bernido01,Batter,2
621244,Jose Berrios,2019,berrijo01,Pitcher,6
450641,Quintin Berry,2017,berryqu01,Batter,1
542932,Jon Berti,2019,bertijo01,Batter,194
542194,Christian Bethancourt,2017,bethach01,Batter,263
518452,Chad Bettis,2019,bettich01,Pitcher,68
605141,Mookie Betts,2019,bettsmo01,Batter,2581
607352,Joe Biagini,2019,biagijo01,Pitcher,2
488703,Jeff Bianchi,2015,biancje01,Batter,2
666182,Bo Bichette,2019,bichebo01,Batter,146
592145,Jesse Biddle,2019,biddlje01,Pitcher,2
669456,Shane Bieber,2019,biebesh01,Pitcher,4
624415,Cavan Biggio,2019,biggica01,Batter,231
451532,Chad Billingsley,2015,billich01,Pitcher,8
595885,Greg Bird,2019,birdgr01,Batter,422
623323,Braden Bishop,2019,bishobr01,Batter,35
621389,Ty Blach,2019,blachty01,Pitcher,41
621112,Paul Blackburn,2019,blackpa01,Pitcher,3
453568,Charlie Blackmon,2019,blackch02,Batter,2455
594760,Aaron Blair,2017,blairaa01,Pitcher,13
542942,Carson Blair,2015,blairca01,Batter,13
433217,Andres Blanco,2017,blancan01,Batter,434
453923,Gregor Blanco,2018,blancgr01,Batter,754
607468,Alex Blandino,2019,blandal01,Batter,109
452035,Kyle Blanks,2015,blankky01,Batter,47
430599,Joe Blanton,2017,blantjo01,Pitcher,3
518466,Jabari Blash,2018,blashja01,Batter,150
518468,Michael Blazek,2019,blazemi01,Pitcher,3
460283,Jerry Blevins,2019,blevije01,Pitcher,2
217100,Willie Bloomquist,2015,bloomwi01,Batter,56
453269,Brennan Boesch,2015,boescbr01,Batter,59
593428,Xander Bogaerts,2019,bogaexa01,Batter,2399
460131,Brian Bogusevic,2015,bogusbr01,Batter,37
671790,Ronald Bolanos,2019,bolanro01,Pitcher,1
502211,Mike Bolsinger,2017,bolsimi01,Pitcher,17
621450,Skye Bolt,2019,boltsk01,Batter,7
466988,Emilio Bonifacio,2017,bonifem01,Batter,106
593528,Jorge Bonifacio,2019,bonifjo01,Batter,444
570810,Lisalverto Bonilla,2017,bonilli01,Pitcher,3
474865,Julio Borbon,2016,borboju01,Batter,10
517448,Wilfredo Boscan,2016,boscawi01,Pitcher,2
607471,Christopher Bostick,2018,bostich01,Batter,27
623520,David Bote,2019,boteda01,Batter,334
571506,Justin Bour,2019,bourju01,Batter,1212
430652,Jason Bourgeois,2015,bourgja01,Batter,163
488721,Peter Bourjos,2019,bourjpe01,Batter,593
456422,Michael Bourn,2016,bournmi01,Batter,601
621199,Matthew Bowman,2019,bowmama01,Pitcher,2
571510,Matt Boyd,2019,boydma01,Pitcher,4
430641,Blaine Boyer,2018,boyerbl01,Pitcher,1
542960,Brad Brach,2019,brachbr01,Pitcher,3
605151,Archie Bradley,2019,bradlar01,Pitcher,24
656252,Bobby Bradley,2019,bradlbo01,Batter,25
598265,Jackie Bradley,2019,bradlja02,Batter,1601
488726,Michael Brantley,2019,brantmi02,Batter,1818
542963,Rob Brantly,2019,brantro01,Batter,42
643230,Steven Brault,2019,braulst01,Pitcher,70
460075,Ryan Braun,2019,braunry02,Batter,1782
605154,John Brebbia,2019,brebbjo01,Pitcher,3
608324,Alex Bregman,2019,bregmal01,Batter,1588
518490,Bryce Brentz,2016,brentbr01,Batter,44
592166,Ryan Brett,2015,brettry01,Batter,3
592169,Austin Brice,2019,briceau01,Pitcher,2
593993,Jose Briceno,2018,bricejo01,Batter,82
656257,Jeff Brigham,2019,brighje01,Pitcher,2
458582,Reid Brignac,2016,brignre01,Batter,29
621446,Lewis Brinson,2019,brinsle01,Batter,444
593647,Socrates Brito,2019,britoso01,Batter,151
605156,Aaron Brooks,2019,brookaa01,Pitcher,4
670712,Mike Brosseau,2019,brossmi01,Batter,93
502126,Domonic Brown,2015,browndo01,Batter,153
664913,Seth Brown,2019,brownse01,Batter,52
623143,Trevor Brown,2016,browntr01,Batter,165
542979,Keon Broxton,2019,broxtke01,Batter,509
457803,Jay Bruce,2019,bruceja01,Batter,1736
595144,Jaycob Brugman,2017,brugmja01,Batter,105
592178,Kris Bryant,2019,bryankr01,Batter,1910
571527,David Buchanan,2015,buchada01,Pitcher,12
594772,Jake Buchanan,2017,buchaja01,Pitcher,1
453329,Clay Buchholz,2019,buchhcl01,Pitcher,18
621111,Walker Buehler,2019,buehlwa01,Pitcher,48
279824,Mark Buehrle,2015,buehrma01,Pitcher,4
518516,Madison Bumgarner,2019,bumgama01,Pitcher,163
605164,Dylan Bundy,2019,bundydy01,Pitcher,4
669203,Corbin Burnes,2019,burneco01,Pitcher,5
542992,Andy Burns,2016,burnsan01,Batter,4
542993,Billy Burns,2017,burnsbi02,Batter,718
502034,Emmanuel Burriss,2016,burriem01,Batter,38
501936,Matt Buschmann,2016,buschma01,Pitcher,1
502544,Nick Buss,2016,bussni01,Batter,57
460077,Drew Butera,2019,buterdr01,Batter,443
456714,Billy Butler,2016,butlebi03,Batter,645
576788,Dan Butler,2018,butleda01,Batter,4
572750,Eddie Butler,2018,butleed01,Pitcher,34
542994,Joey Butler,2015,butlejo04,Batter,175
621439,Byron Buxton,2019,buxtoby01,Batter,842
407781,Marlon Byrd,2016,byrdma01,Batter,438
452678,Asdrubal Cabrera,2019,cabreas01,Batter,1983
465784,Everth Cabrera,2015,cabreev01,Batter,74
466320,Melky Cabrera,2019,cabreme01,Batter,2158
408234,Miguel Cabrera,2019,cabremi01,Batter,1677
541608,Ramon Cabrera,2016,cabrera01,Batter,166
502239,Trevor Cahill,2019,cahiltr01,Pitcher,21
456715,Lorenzo Cain,2019,cainlo01,Batter,2151
430912,Matt Cain,2017,cainma01,Pitcher,29
594777,Kole Calhoun,2019,calhoko01,Batter,2125
641432,Willie Calhoun,2019,calhowi01,Batter,358
593525,Orlando Calixte,2017,calixor01,Batter,36
430948,Alberto Callaspo,2015,callaal01,Batter,196
622666,Johan Camargo,2019,camarjo01,Batter,735
491708,Arquimedes Caminero,2016,caminar01,Pitcher,1
493472,Eric Campbell,2016,campber01,Batter,187
600869,Jeimer Candelario,2019,candeje01,Batter,718
592192,Mark Canha,2019,canhama01,Batter,1063
656288,Griffin Canning,2019,cannigr01,Pitcher,1
429664,Robinson Cano,2019,canoro01,Batter,2163
605169,Carter Capps,2017,cappsca01,Pitcher,1
425626,Chris Capuano,2016,capuach01,Pitcher,1
571539,Matt Carasiti,2019,carasma01,Pitcher,1
605170,Victor Caratini,2019,caratvi01,Batter,370
506924,Stephen Cardullo,2017,cardust01,Batter,65
572761,Matt Carpenter,2019,carpema01,Batter,1853
543001,Ryan Carpenter,2019,carpery01,Pitcher,1
471911,Carlos Carrasco,2019,carraca01,Pitcher,6
485567,Ezequiel Carrera,2017,carreez01,Batter,539
474892,Chris Carter,2017,cartech02,Batter,691
592200,Curt Casali,2019,casalcu01,Batter,473
488768,Andrew Cashner,2019,cashnan01,Pitcher,65
592206,Nick Castellanos,2019,casteni01,Batter,2110
620454,Jose Castillo,2019,castijo03,Pitcher,1
622491,Luis Castillo,2019,castilu02,Pitcher,84
456078,Welington Castillo,2019,castiwe01,Batter,1069
446868,Wilkin Castillo,2019,castiwi01,Batter,4
593495,Daniel Castro,2018,castrda01,Batter,226
605612,Harold Castro,2019,castrha01,Batter,276
488771,Jason Castro,2019,castrja01,Batter,862
516770,Starlin Castro,2019,castrst01,Batter,2259
650489,Willi Castro,2019,castrwi01,Batter,66
595909,Jake Cave,2019,caveja01,Batter,308
594555,Garin Cecchini,2015,cecchga01,Batter,1
608325,Gavin Cecchini,2017,cecchga02,Batter,62
446399,Brett Cecil,2018,cecilbr01,Pitcher,1
571553,Darrell Ceciliani,2017,cecilda01,Batter,61
518542,Juan Centeno,2019,centeju01,Batter,235
465041,Francisco Cervelli,2019,cervefr01,Batter,1159
493316,Yoenis Céspedes,2018,cespeyo01,Batter,1184
468504,Jhoulys Chacin,2019,chacijh01,Pitcher,109
605177,Andrew Chafin,2019,chafian01,Pitcher,2
644374,Yu Chang,2019,changyu01,Batter,51
547973,Aroldis Chapman,2019,chapmar01,Pitcher,1
656305,Matt Chapman,2019,chapmma01,Batter,1035
608638,J. T. Chargois,2019,chargjt01,Pitcher,1
543022,Tyler Chatwood,2019,chatwty01,Pitcher,100
445926,Jesse Chavez,2019,chaveje01,Pitcher,2
656308,Michael Chavis,2019,chavimi01,Batter,220
612672,Wei-Yin Chen,2019,chenwe02,Pitcher,54
455139,Robinson Chirinos,2019,chiriro01,Batter,919
502082,Lonnie Chisenhall,2018,chiselo01,Batter,832
596847,Ji-Man Choi,2019,choiji01,Batter,532
425783,Shin-Soo Choo,2019,choosh01,Batter,1752
643256,Adam Cimber,2019,cimbead01,Pitcher,1
571561,Tony Cingrani,2018,cingrto01,Pitcher,1
465674,Pedro Ciriaco,2015,ciriape01,Batter,104
518553,Steve Cishek,2019,cishest01,Pitcher,6
624419,Nick Ciuffo,2019,ciuffni01,Batter,28
650644,Aaron Civale,2019,civalaa01,Pitcher,1
664199,Taylor Clarke,2019,clarkta01,Pitcher,14
518560,Paul Clemens,2016,clemepa02,Pitcher,10
502182,Steve Clevenger,2016,clevest01,Batter,142
605182,Mike Clevinger,2019,clevimi01,Pitcher,4
461325,Tyler Clippard,2019,clippty01,Pitcher,1
543031,Tyler Cloyd,2018,cloydty01,Pitcher,1
605183,Jason Coats,2016,coatsja01,Batter,38
502171,Alex Cobb,2019,cobbal01,Pitcher,6
458085,Chris Coghlan,2017,coghlch01,Batter,587
499624,Chris Colabello,2016,colabch01,Batter,257
595918,A. J. Cole,2019,coleaj01,Pitcher,16
543037,Gerrit Cole,2019,colege01,Pitcher,90
543038,Dusty Coleman,2017,colemdu01,Batter,35
607385,Tyler Collins,2017,collity01,Batter,342
641470,Zack Collins,2019,colliza01,Batter,47
518567,Josh Collmenter,2017,collmjo01,Pitcher,18
112526,Bartolo Colon,2018,colonba01,Pitcher,64
518568,Christian Colon,2019,colonch01,Batter,252
624424,Michael Conforto,2019,confomi01,Batter,1394
474233,Hank Conger,2016,congeha01,Batter,222
543045,Adam Conley,2019,conlead01,Pitcher,40
664869,P. J. Conlon,2018,conlopj01,Pitcher,3
575929,Willson Contreras,2019,contrwi01,Batter,1075
608641,Tim Cooney,2015,cooneti01,Pitcher,10
643265,Garrett Cooper,2019,coopega03,Batter,323
571578,Patrick Corbin,2019,corbipa01,Pitcher,151
641477,Ryan Cordell,2019,cordery01,Batter,170
614173,Franchy Cordero,2019,cordefr02,Batter,140
642707,Allen Cordoba,2017,cordoal01,Batter,148
449786,Carlos Corporan,2015,corpoca01,Batter,67
621043,Carlos Correa,2019,correca01,Batter,1573
429781,Kevin Correia,2015,correke01,Pitcher,5
543054,Jarred Cosart,2017,cosarja01,Pitcher,22
605194,Jharel Cotton,2017,cottojh01,Pitcher,1
606956,Ryan Court,2019,courtry01,Batter,13
592229,Dylan Covey,2019,coveydy01,Pitcher,1
592230,Kaleb Cowart,2019,cowarka01,Batter,249
518577,Collin Cowgill,2016,cowgico01,Batter,55
446359,Zack Cozart,2019,cozarza01,Batter,1168
622226,Dylan Cozens,2019,cozendy01,Batter,15
501800,Allen Craig,2015,craigal01,Batter,53
572788,Tyler Cravy,2016,cravyty01,Pitcher,8
543063,Brandon Crawford,2019,crawfbr01,Batter,2023
408307,Carl Crawford,2016,crawfca02,Batter,210
641487,J. P. Crawford,2019,crawfjp01,Batter,390
424825,Coco Crisp,2016,crispco01,Batter,469
543068,C. J. Cron,2019,croncj01,Batter,1578
605196,Kevin Cron,2019,cronke01,Batter,43
443558,Nelson Cruz,2019,cruzne02,Batter,1992
488810,Tony Cruz,2018,cruzto03,Batter,126
150212,Michael Cuddyer,2015,cuddymi01,Batter,291
456501,Johnny Cueto,2019,cuetojo01,Pitcher,114
571595,Noel Cuevas,2019,cuevano01,Batter,124
518586,Charlie Culberson,2019,culbech01,Batter,365
592239,Todd Cunningham,2016,cunnito01,Batter,90
596144,Cheslor Cuthbert,2019,cuthbch01,Batter,842
488818,Chase d'Arnaud,2018,darnach01,Batter,287
518595,Travis d'Arnaud,2019,darnatr01,Batter,956
621311,David Dahl,2019,dahlda01,Batter,608
458668,Jordan Danks,2015,danksjo02,Batter,2
506433,Yu Darvish,2019,darviyu01,Pitcher,35
571602,Matt Davidson,2018,davidma02,Batter,519
448801,Chris Davis,2019,davisch02,Batter,1419
477195,Ike Davis,2016,davisik02,Batter,179
605204,J. D. Davis,2019,davisjd01,Batter,429
664041,Jaylin Davis,2019,davisja03,Batter,31
643275,Johnny Davis,2019,davisjo06,Batter,2
641505,Jonathan Davis,2019,davisjo05,Batter,78
501981,Khris Davis,2019,daviskh01,Batter,1766
434658,Rajai Davis,2019,davisra01,Batter,1034
606959,Rookie Davis,2019,davisro03,Pitcher,2
543089,Taylor Davis,2019,davista01,Batter,27
602074,Yonathan Daza,2019,dazayo01,Batter,76
457477,Alejandro De Aza,2017,deazaal01,Batter,454
518603,Justin De Fratus,2015,defraju01,Pitcher,2
474443,Ivan De Jesus,2016,dejesiv02,Batter,316
503444,Joel De La Cruz,2016,delacjo01,Pitcher,8
523989,Rubby De La Rosa,2017,delarru01,Pitcher,50
592254,Jose De Leon,2019,deleojo03,Pitcher,3
660853,Enyel De Los Santos,2019,delosen01,Pitcher,1
621573,Austin Dean,2019,deanau01,Batter,222
572804,Cody Decker,2015,deckeco01,Batter,6
543094,Jaff Decker,2017,deckeja01,Batter,90
594798,Jacob deGrom,2019,degroja01,Pitcher,210
430203,David DeJesus,2015,dejesda01,Batter,236
657557,Paul DeJong,2019,dejonpa01,Batter,1040
517414,Randall Delgado,2018,delgara01,Pitcher,7
547170,Nick Delmonico,2019,delmoni01,Batter,352
641513,Travis Demeritte,2019,demertr01,Batter,106
544925,Matt den Dekker,2018,dendema01,Batter,115
456121,Chris Denorfia,2015,denorch01,Batter,156
518614,Daniel Descalso,2019,descada01,Batter,939
543101,Anthony DeSclafani,2019,desclan01,Pitcher,88
592261,Delino DeShields,2019,deshide02,Batter,1227
435622,Ian Desmond,2019,desmoia01,Batter,1846
628333,Odrisamer Despaigne,2019,despaod01,Pitcher,37
446321,Ross Detwiler,2019,detwiro01,Pitcher,1
646240,Rafael Devers,2019,deverra01,Batter,1022
649557,Aledmys Díaz,2019,diazal02,Batter,1130
621242,Edwin Diaz,2019,diazed04,Pitcher,1
553869,Elias Diaz,2019,diazel01,Batter,613
656371,Isan Diaz,2019,diazis01,Batter,120
502409,Jonathan Diaz,2015,diazjo02,Batter,10
471822,Jumbo Diaz,2017,diazju03,Pitcher,1
622766,Miguel Diaz,2019,diazmi02,Pitcher,3
650490,Yandy Díaz,2019,diazya01,Batter,457
543105,Alex Dickerson,2019,dickeal01,Batter,346
572816,Corey Dickerson,2019,dickeco01,Batter,1608
607297,O'Koyea Dickson,2017,dicksok01,Batter,5
518618,Derek Dietrich,2019,dietrde01,Batter,1296
594694,Wilmer Difo,2019,difowi01,Batter,741
664926,Nick Dini,2019,dinini01,Batter,38
641525,Brandon Dixon,2019,dixonbr01,Batter,330
458689,Chris Dominguez,2015,dominch01,Batter,11
518625,Matt Dominguez,2016,dominma01,Batter,8
518626,Josh Donaldson,2019,donaljo02,Batter,1776
448281,Sean Doolittle,2019,doolise01,Pitcher,1
457760,Danny Dorn,2015,dornda01,Batter,20
572821,Brian Dozier,2019,doziebr01,Batter,2168
641531,Hunter Dozier,2019,doziehu01,Batter,639
543118,Oliver Drake,2019,drakeol01,Pitcher,1
452220,Stephen Drew,2017,drewst01,Batter,498
592273,Brandon Drury,2019,drurybr01,Batter,1113
643289,Mauricio Dubon,2019,dubonma01,Batter,86
446263,Lucas Duda,2019,dudalu01,Batter,1037
488846,Brian Duensing,2018,duensbr01,Pitcher,2
518633,Danny Duffy,2019,duffyda01,Pitcher,7
592274,Matt Duffy,2016,duffyma02,Batter,7
622110,Matt Duffy,2019,duffyma01,Batter,1285
621453,Steven Duggar,2019,duggast01,Batter,280
667498,Robert Dugger,2019,duggero01,Pitcher,5
445197,Mike Dunn,2019,dunnmi01,Pitcher,1
641541,Jon Duplantier,2019,duplajo01,Pitcher,3
657566,Montana DuRapau,2019,durapmo01,Pitcher,2
594807,Adam Duvall,2019,duvalad01,Batter,1191
488852,Allan Dykstra,2015,dykstal01,Batter,19
502481,Jarrod Dyson,2019,dysonja01,Batter,1200
446225,Ed Easley,2015,easleed01,Batter,5
594809,Adam Eaton,2019,eatonad02,Batter,1771
669242,Tommy Edman,2019,edmanto01,Batter,265
621107,Zach Eflin,2019,eflinza01,Pitcher,59
643297,Cody Ege,2016,egeco01,Pitcher,1
518649,Brett Eibner,2017,eibnebr01,Batter,153
595191,Jerad Eickhoff,2019,eickhje01,Pitcher,81
606273,Roenis Elias,2019,eliasro01,Pitcher,2
623395,Brian Ellington,2017,ellinbr02,Pitcher,1
454560,A. J. Ellis,2018,ellisaj01,Batter,511
453056,Jacoby Ellsbury,2017,ellsbja01,Batter,1126
518653,Jake Elmore,2019,elmorja01,Batter,216
429665,Edwin Encarnacion,2019,encared01,Batter,1997
641553,Adam Engel,2019,engelad01,Batter,633
608650,Dietrich Enns,2017,ennsdi01,Pitcher,1
543135,Nathan Eovaldi,2019,eovalna01,Pitcher,7
572362,Robbie Erlin,2019,erlinro01,Pitcher,23
640447,Phil Ervin,2019,ervinph01,Batter,374
605222,Jake Esch,2017,eschja01,Pitcher,3
444876,Alcides Escobar,2018,escobal02,Batter,1986
500871,Eduardo Escobar,2019,escobed01,Batter,1908
546276,Edwin Escobar,2016,escobed02,Pitcher,1
650813,Luis Escobar,2019,escoblu01,Pitcher,1
488862,Yunel Escobar,2017,escobyu01,Batter,1214
664045,Tom Eshelman,2019,eshelto01,Pitcher,2
502179,Paolo Espino,2017,espinpa01,Pitcher,3
457787,Danny Espinosa,2017,espinda01,Batter,760
462136,Marco Estrada,2019,estrama01,Pitcher,7
642731,Thairo Estrada,2019,estrath01,Batter,49
444843,Andre Ethier,2017,ethiean01,Batter,362
595943,Phillip Evans,2018,evansph01,Batter,38
571656,Buck Farmer,2019,farmebu01,Pitcher,1
571657,Kyle Farmer,2019,farmeky01,Batter,194
608652,Luke Farrell,2019,farrelu01,Pitcher,1
605227,Taylor Featherston,2017,feathta01,Batter,147
607200,Erick Fedde,2019,feddeer01,Pitcher,21
543148,Tim Federowicz,2019,federti01,Batter,96
444857,Scott Feldman,2017,feldmsc01,Pitcher,19
593140,Michael Feliz,2019,felizmi01,Pitcher,1
657571,Caleb Ferguson,2019,ferguca01,Pitcher,4
605228,Jose Fernandez,2016,fernajo02,Pitcher,53
628336,José Fernández,2018,fernajo03,Batter,101
608654,Johnny Field,2018,fieldjo04,Batter,149
474494,Thomas Field,2015,fieldth01,Batter,25
425902,Prince Fielder,2016,fieldpr01,Batter,788
571665,Daniel Fields,2015,fieldda01,Batter,1
571666,Mike Fiers,2019,fiersmi01,Pitcher,18
502676,Cole Figueroa,2016,figueco01,Batter,32
641571,Heath Fillmyer,2019,fillmhe01,Pitcher,1
605232,Brandon Finnegan,2018,finnebr01,Pitcher,47
605233,Derek Fisher,2019,fishede01,Batter,218
450729,Doug Fister,2018,fistedo01,Pitcher,22
656427,Jack Flaherty,2019,flaheja01,Pitcher,67
475247,Ryan Flaherty,2019,flahery01,Batter,457
456071,Yohan Flande,2016,flandyo01,Pitcher,11
664058,David Fletcher,2019,fletcda02,Batter,782
623167,Chris Flexen,2019,flexech01,Pitcher,8
570717,Ramon Flores,2017,florera02,Batter,226
527038,Wilmer Flores,2019,florewi01,Batter,1539
465753,Pedro Florimon,2018,floripe01,Batter,94
571670,Dylan Floro,2019,florody01,Pitcher,5
452095,Tyler Flowers,2019,flowety01,Batter,993
425856,Gavin Floyd,2016,floydga01,Pitcher,1
543169,Brian Flynn,2019,flynnbr01,Pitcher,1
592314,Mike Foltynewicz,2019,foltymi01,Pitcher,74
521655,Wilmer Font,2019,fontwi01,Pitcher,1
545337,Nolan Fontana,2018,fontano01,Batter,17
645801,Mike Ford,2019,fordmi01,Both,115
523253,Logan Forsythe,2019,forsylo01,Batter,1570
451594,Dexter Fowler,2019,fowlede01,Batter,1652
641583,Dustin Fowler,2018,fowledu01,Batter,145
641584,Jake Fraley,2019,fraleja01,Batter,26
664034,Ty France,2019,francty01,Batter,135
596748,Maikel Franco,2019,francma02,Batter,1906
425796,Jeff Francoeur,2016,francje02,Batter,466
435623,Kevin Frandsen,2015,frandke01,Batter,8
545338,Nick Franklin,2018,frankni01,Batter,282
624428,Adam Frazier,2019,fraziad01,Batter,1213
640449,Clint Frazier,2019,frazicl01,Batter,267
453943,Todd Frazier,2019,frazito01,Batter,1895
607536,Kyle Freeland,2019,freelky01,Pitcher,55
518692,Freddie Freeman,2019,freemfr01,Batter,2037
502273,Mike Freeman,2019,freemmi01,Batter,172
518693,Sam Freeman,2019,freemsa01,Pitcher,1
501896,David Freese,2019,freesda01,Batter,1248
571679,David Freitas,2019,freitda01,Batter,91
516910,Carlos Frias,2016,friasca01,Pitcher,9
608331,Max Fried,2019,friedma01,Pitcher,49
543184,Christian Friedrich,2016,friedch01,Pitcher,17
518700,Eric Fryer,2017,fryerer01,Batter,155
658069,Josh Fuentes,2019,fuentjo01,Batter,35
571681,Rey Fuentes,2017,fuentre01,Batter,134
453539,Sam Fuld,2015,fuldsa01,Batter,235
608334,Carson Fulmer,2019,fulmeca01,Pitcher,1
605242,Michael Fulmer,2018,fulmemi01,Pitcher,5
543193,Drew Gagnon,2019,gagnodr01,Pitcher,4
502570,Rocky Gale,2019,galero01,Batter,26
595956,Cam Gallagher,2019,gallaca01,Batter,166
451596,Yovani Gallardo,2018,gallayo01,Pitcher,9
606149,Giovanny Gallegos,2019,gallegi01,Pitcher,2
668678,Zac Gallen,2019,galleza01,Pitcher,11
608336,Joey Gallo,2019,gallojo01,Batter,730
543194,Isaac Galloway,2019,gallois01,Batter,80
520471,Freddy Galvis,2019,galvifr01,Batter,2268
592325,Ben Gamel,2019,gamelbe01,Batter,822
607231,John Gant,2019,gantjo01,Pitcher,27
666969,Adolis García,2018,garciad02,Batter,10
611177,Adonis Garcia,2017,garciad01,Batter,745
605244,Aramis Garcia,2019,garciar01,Batter,53
541645,Avisail Garcia,2019,garciav01,Batter,1735
594824,Greg Garcia,2019,garcigr01,Batter,776
448802,Jaime Garcia,2018,garcija02,Pitcher,75
606424,Jarlin Garcia,2019,garcija04,Pitcher,2
544725,Leury Garcia,2019,garcile02,Batter,900
596825,Robel Garcia,2019,garciro02,Batter,37
591994,Willy Garcia,2017,garciwi01,Batter,74
554340,Yimi Garcia,2019,garciyi01,Pitcher,1
458731,Brett Gardner,2019,gardnbr01,Batter,2155
664247,Kyle Garlick,2019,garliky01,Batter,29
572863,Dustin Garneau,2019,garnedu01,Batter,244
607237,Amir Garrett,2019,garream01,Pitcher,14
641598,Mitch Garver,2019,garvemi01,Batter,485
490063,Matt Garza,2017,garzama01,Pitcher,51
594828,Evan Gattis,2018,gattiev01,Batter,1323
592332,Kevin Gausman,2019,gausmke01,Pitcher,20
543208,Sam Gaviglio,2019,gavigsa01,Pitcher,5
518715,Cory Gearrin,2019,gearrco01,Pitcher,1
518716,Dillon Gee,2017,geedi01,Pitcher,6
571697,Scooter Gennett,2019,gennesc01,Batter,1589
502226,Craig Gentry,2018,gentrcr01,Batter,265
595222,Mike Gerber,2019,gerbemi01,Batter,30
593334,Domingo German,2019,germado01,Pitcher,1
542674,Gonzalez Germen,2016,germego01,Pitcher,2
543213,Johnny Giavotella,2017,giavojo01,Batter,707
502043,Kyle Gibson,2019,gibsoky01,Pitcher,7
543216,Conor Gillaspie,2017,gillaco01,Batter,423
502261,Cole Gillespie,2016,gilleco01,Batter,155
543219,Sean Gilmartin,2019,gilmase01,Pitcher,4
460269,Chris Gimenez,2018,gimench01,Batter,344
608337,Lucas Giolito,2019,giolilu01,Pitcher,6
571710,Mychal Givens,2019,givenmy01,Pitcher,1
607192,Tyler Glasnow,2019,glasnty01,Pitcher,14
643327,Zack Godley,2019,godleza01,Pitcher,60
592340,Erik Goeddel,2018,goedder01,Pitcher,1
595963,Tyler Goeddel,2016,goeddty01,Batter,161
627894,Luiz Gohara,2018,goharlu01,Pitcher,2
572365,Ryan Goins,2019,goinsry01,Batter,936
502671,Paul Goldschmidt,2019,goldspa01,Batter,2107
596295,Austin Gomber,2018,gombeau01,Pitcher,16
430404,Jonny Gomes,2015,gomesjo01,Batter,144
543228,Yan Gomes,2019,gomesya01,Batter,1197
460576,Carlos Gomez,2019,gomezca01,Batter,1163
467143,Hector Gomez,2015,gomezhe01,Batter,87
622497,Miguel Gomez,2018,gomezmi01,Batter,37
664062,Tony Gonsolin,2019,gonsoto01,Pitcher,9
594835,Marco Gonzales,2019,gonzama02,Pitcher,2
408236,Adrian Gonzalez,2018,gonzaad01,Batter,1238
554054,Alfredo Gonzalez,2018,gonzaal04,Batter,5
471865,Carlos Gonzalez,2019,gonzaca01,Batter,1670
592346,Chi Chi Gonzalez,2019,gonzach01,Pitcher,9
570481,Erik Gonzalez,2019,gonzaer01,Batter,288
461829,Gio Gonzalez,2019,gonzagi01,Pitcher,118
503556,Marwin Gonzalez,2019,gonzama01,Batter,1682
642571,Merandy Gonzalez,2018,gonzame01,Pitcher,2
456068,Miguel Gonzalez,2018,gonzami03,Pitcher,5
605894,Severino Gonzalez,2016,gonzase01,Pitcher,7
592348,Niko Goodrum,2019,goodrni01,Batter,604
571718,Brian Goodwin,2019,goodwbr01,Batter,596
460086,Alex Gordon,2019,gordoal01,Batter,1747
543829,Dee Gordon,2019,gordode01,Batter,2162
605253,Terrance Gore,2019,gorete01,Batter,43
543238,Anthony Gose,2016,gosean01,Batter,393
488912,Tuffy Gosewisch,2017,gosewtu01,Batter,187
594838,Philip Gosselin,2019,gosseph01,Batter,365
605254,Daniel Gossett,2018,gosseda01,Pitcher,1
641627,Trevor Gott,2019,gotttr01,Pitcher,1
594840,Matt Grace,2019,gracema02,Pitcher,4
518735,Yasmani Grandal,2019,grandya01,Batter,1535
434158,Curtis Granderson,2019,grandcu01,Batter,1626
643335,Zach Granite,2017,graniza01,Batter,84
492802,Juan Graterol,2019,grateju01,Batter,104
608665,Kendall Graveman,2018,graveke01,Pitcher,1
605255,Brett Graves,2018,gravebr01,Pitcher,1
592351,Jon Gray,2019,grayjo02,Pitcher,80
543243,Sonny Gray,2019,grayso01,Pitcher,32
502205,Grant Green,2017,greengr01,Batter,67
608339,Zach Green,2019,greenza01,Batter,8
572888,Shane Greene,2019,greensh02,Pitcher,2
544369,Didi Gregorius,2019,gregodi01,Batter,2090
606988,Grayson Greiner,2019,greingr01,Batter,202
425844,Zack Greinke,2019,greinza01,Pitcher,226
545341,Randal Grichuk,2019,grichra01,Batter,1522
518748,Justin Grimm,2018,grimmju01,Pitcher,2
663757,Trent Grisham,2019,grishtr01,Batter,108
543257,Robbie Grossman,2019,grossro01,Batter,1218
620453,Deivy Grullon,2019,grullde01,Batter,7
607229,Robert Gsellman,2019,gsellro01,Pitcher,27
500610,Deolis Guerra,2019,guerrde01,Pitcher,1
642770,Javy Guerra,2019,guerrja02,Batter,7
457915,Javy Guerra,2019,guerrja01,Pitcher,1
448855,Junior Guerra,2019,guerrju02,Pitcher,57
648717,Alex Guerrero,2015,guerral01,Batter,162
602115,Gabriel Guerrero,2018,guerrga01,Batter,10
665489,Vladimir Guerrero,2019,guerrvl02,Batter,373
641645,Luis Guillorme,2019,guilllu01,Batter,111
666971,Lourdes Gurriel,2019,gurrilo01,Batter,418
493329,Yuli Gurriel,2019,gourryu01,Batter,1558
425386,Jeremy Guthrie,2017,guthrje01,Pitcher,4
429711,Franklin Gutierrez,2017,gutiefr01,Batter,320
642721,Kelvin Gutierrez,2019,gutieke01,Batter,49
446386,Brandon Guyer,2018,guyerbr01,Batter,777
608597,Ronald Guzman,2019,guzmaro01,Batter,435
576397,Jedd Gyorko,2019,gyorkje01,Batter,1281
606992,Eric Haase,2019,haaseer01,Batter,18
623352,Josh Hader,2019,haderjo01,Pitcher,4
664059,Sam Haggerty,2019,haggesa01,Batter,1
518755,Matt Hague,2015,haguema01,Batter,8
534910,Jesse Hahn,2019,hahnje01,Pitcher,1
571735,David Hale,2019,haleda02,Pitcher,14
430935,Cole Hamels,2019,hamelco01,Pitcher,74
571740,Billy Hamilton,2019,hamilbi02,Batter,1705
285078,Josh Hamilton,2015,hamiljo03,Batter,118
434628,Jason Hammel,2018,hammeja01,Pitcher,95
670456,J. D. Hammer,2019,hammejd01,Pitcher,1
641658,Garrett Hampson,2019,hampsga01,Batter,239
543272,Brad Hand,2019,handbr01,Pitcher,17
518764,Donovan Hand,2015,handdo01,Pitcher,1
452672,Ryan Hanigan,2017,hanigry01,Batter,288
571745,Mitch Haniger,2019,hanigmi01,Batter,971
595238,Jacob Hannemann,2017,hanneja01,Batter,16
593700,Alen Hanson,2019,hansoal01,Batter,440
664023,Ian Happ,2019,happia01,Batter,556
457918,J. A. Happ,2019,happja01,Pitcher,21
421685,Aaron Harang,2015,haranaa01,Pitcher,30
543278,Blaine Hardy,2019,hardybl01,Pitcher,1
429666,J. J. Hardy,2017,hardyjj01,Batter,866
429717,Dan Haren,2015,harenda01,Pitcher,33
547180,Bryce Harper,2019,harpebr03,Batter,1876
449173,Lucas Harrell,2017,harrelu01,Pitcher,6
543281,Josh Harrison,2019,harrijo05,Batter,1540
457448,Matt Harrison,2015,harrima01,Pitcher,1
430611,Corey Hart,2015,hartco01,Batter,35
643354,Donnie Hart,2019,hartdo01,Pitcher,1
518774,Matt Harvey,2019,harvema01,Pitcher,103
656514,Adam Haseley,2019,haselad01,Batter,162
501822,Chris Hatcher,2018,hatchch02,Pitcher,4
451109,Brett Hayes,2015,hayesbr01,Batter,25
502457,Drew Hayes,2016,hayesdr01,Pitcher,1
669720,Austin Hays,2019,haysau01,Batter,99
571757,Jeremy Hazelbaker,2017,hazelje01,Batter,168
452104,Chase Headley,2018,headlch01,Batter,1206
592387,Ryon Healy,2019,healyry01,Batter,1152
571760,Andrew Heaney,2019,heanean01,Pitcher,4
571761,Slade Heathcott,2015,heathsl01,Batter,20
588751,Adeiny Hechavarria,2019,hechaad01,Batter,1483
595978,Austin Hedges,2019,hedgeau01,Batter,797
595981,Scott Heineman,2019,heinesc01,Batter,55
623168,Tyler Heineman,2019,heinety01,Batter,7
502317,Chris Heisey,2017,heisech01,Batter,185
476451,Jeremy Hellickson,2019,hellije01,Pitcher,105
664854,Ryan Helsley,2019,helslry01,Pitcher,1
543294,Kyle Hendricks,2019,hendrky01,Pitcher,141
628338,Guillermo Heredia,2019,heredgu01,Batter,783
641684,Michael Hermosillo,2019,hermomi01,Batter,57
554374,Ariel Hernandez,2017,hernaar01,Pitcher,1
514917,Cesar Hernandez,2019,hernace02,Batter,2119
456696,David Hernandez,2019,hernada01,Pitcher,1
622694,Elieser Hernandez,2019,hernael01,Pitcher,13
571771,Enrique Hernandez,2019,hernaen02,Batter,1166
433587,Felix Hernandez,2019,hernafe02,Pitcher,10
491676,Gorkys Hernandez,2019,hernago01,Batter,621
593523,Marco Hernandez,2019,hernama02,Batter,190
591712,Oscar Hernandez,2016,hernaos01,Batter,27
433584,Roberto Hernandez,2016,carmofa01,Pitcher,1
606192,Teoscar Hernandez,2019,hernate01,Batter,701
599096,Dilson Herrera,2018,herredi01,Batter,115
467070,Elian Herrera,2015,herreel01,Batter,184
468406,Jonathan Herrera,2015,herrejo03,Batter,103
546318,Odubel Herrera,2019,herreod01,Batter,1736
594011,Rosell Herrera,2019,herrero02,Batter,299
543302,Chris Herrmann,2019,herrmch01,Batter,436
605276,David Hess,2019,hessda01,Pitcher,4
594857,Keith Hessler,2016,hesslke01,Pitcher,1
518790,Chris Heston,2017,hestoch01,Pitcher,33
518792,Jason Heyward,2019,heywaja01,Batter,2042
543305,Aaron Hicks,2019,hicksaa01,Batter,1297
543308,John Hicks,2019,hicksjo02,Batter,552
543309,Kyle Higashioka,2019,higasky01,Batter,98
431094,Aaron Hill,2017,hillaa01,Batter,633
448179,Rich Hill,2019,hillri01,Pitcher,68
656541,Sam Hilliard,2019,hillisa01,Batter,54
673633,Yoshihisa Hirano,2019,hiranyo01,Pitcher,1
669374,Keston Hiura,2019,hiurake01,Batter,207
663538,Nico Hoerner,2019,hoernni01,Batter,67
543321,L. J. Hoes,2015,hoeslj01,Batter,12
656546,Jeff Hoffman,2019,hoffmje02,Pitcher,34
592407,Bryan Holaday,2019,holadbr01,Batter,384
502706,Derek Holland,2019,hollade01,Pitcher,26
407812,Matt Holliday,2018,hollima01,Batter,785
571787,David Holmberg,2017,holmbda01,Pitcher,3
605280,Clay Holmes,2019,holmecl01,Pitcher,5
571788,Brock Holt,2019,holtbr01,Batter,1145
534627,Tyler Holt,2016,holtty01,Batter,151
543329,Destin Hood,2016,hoodde01,Batter,14
656555,Rhys Hoskins,2019,hoskirh01,Batter,929
543333,Eric Hosmer,2019,hosmeer01,Batter,2390
605288,Adrian Houser,2019,housead01,Pitcher,5
429667,Ryan Howard,2016,howarry01,Batter,546
592419,Jared Hoying,2017,hoyinja01,Batter,87
641712,Dakota Hudson,2019,hudsoda02,Pitcher,28
543339,Daniel Hudson,2019,hudsoda01,Pitcher,1
621529,Joe Hudson,2019,hudsojo03,Batter,12
218596,Tim Hudson,2015,hudsoti01,Pitcher,27
453307,David Huff,2016,huffda01,Pitcher,1
502151,Chad Huffman,2017,huffmch01,Batter,8
453172,Jared Hughes,2019,hugheja02,Pitcher,1
461833,Phil Hughes,2018,hugheph01,Pitcher,4
460026,Nick Hundley,2019,hundlni01,Batter,969
501986,Cedric Hunter,2016,huntece01,Batter,28
488984,Tommy Hunter,2019,hunteto02,Pitcher,1
116338,Torii Hunter,2015,hunteto01,Batter,416
571800,Drew Hutchison,2018,hutchdr01,Pitcher,2
666561,Jae-gyun Hwang,2017,hwangja01,Batter,37
455104,Chris Iannetta,2019,iannech01,Batter,888
578428,José Iglesias,2019,iglesjo01,Batter,2006
628452,Raisel Iglesias,2019,iglesra01,Pitcher,30
542255,Ender Inciarte,2019,inciaen01,Batter,2157
408299,Omar Infante,2016,infanom01,Batter,482
454975,Hernan Iribarren,2016,iribahe01,Batter,34
608344,Cole Irvin,2019,irvinco01,Pitcher,4
448170,Travis Ishikawa,2015,ishiktr01,Batter,43
547874,Hisashi Iwakuma,2017,iwakuhi01,Pitcher,1
656577,Alex Jackson,2019,jacksal02,Batter,8
457706,Austin Jackson,2018,jacksau01,Batter,937
623515,Drew Jackson,2019,jacksdr01,Batter,2
429719,Edwin Jackson,2019,jacksed01,Pitcher,22
592426,Luke Jackson,2019,jackslu01,Pitcher,3
474249,Ryan Jackson,2015,jacksry02,Batter,4
457926,Paul Janish,2017,janispa01,Batter,80
608671,Travis Jankowski,2019,jankotr01,Batter,640
643376,Danny Jansen,2019,janseda01,Batter,332
445276,Kenley Jansen,2019,janseke01,Pitcher,4
444379,John Jaso,2017,jasojo01,Batter,642
445055,Jon Jay,2019,jayjo02,Batter,1309
592433,Tyrell Jenkins,2016,jenkity01,Pitcher,9
543359,Dan Jennings,2019,jennida01,Pitcher,2
457775,Desmond Jennings,2016,jennide01,Batter,222
571812,Kyle Jensen,2016,jenseky01,Batter,18
543362,A. J. Jimenez,2017,jimenaj01,Batter,5
650391,Eloy Jimenez,2019,jimenel02,Batter,334
499864,Luis Jimenez,2015,jimenlu02,Batter,10
434622,Ubaldo Jimenez,2017,jimenub01,Pitcher,9
656582,Connor Joe,2019,joeco01,Batter,10
598271,Brian Johnson,2019,johnsbr02,Pitcher,5
453400,Chris Johnson,2016,johnsch05,Batter,334
430681,Dan Johnson,2015,johnsda06,Batter,15
605304,Erik Johnson,2016,johnser04,Pitcher,1
430637,Kelly Johnson,2016,johnske05,Batter,468
608672,Micah Johnson,2017,johnsmi04,Batter,81
572955,Pierce Johnson,2018,johnspi01,Pitcher,1
407862,Reed Johnson,2015,johnsre02,Batter,16
582473,Sherman Johnson,2018,johnssh01,Batter,6
430945,Adam Jones,2019,jonesad01,Batter,2303
434540,Garrett Jones,2015,jonesga02,Batter,107
592444,JaCoby Jones,2019,jonesja07,Batter,583
571825,James Jones,2015,jonesja06,Batter,16
624507,Ryder Jones,2018,jonesry01,Batter,101
518863,Taylor Jordan,2015,jordata01,Pitcher,4
543376,Caleb Joseph,2019,josepca01,Batter,759
543377,Corban Joseph,2019,josepco01,Batter,65
571830,Tommy Joseph,2017,josepto01,Batter,606
459964,Matthew Joyce,2019,joycema01,Batter,1009
592450,Aaron Judge,2019,judgeaa01,Batter,874
543380,Taylor Jungmann,2017,jungmta01,Pitcher,29
596001,Jakob Junis,2019,junisja01,Pitcher,3
664842,Kevin Kaczmarski,2018,kaczmke01,Batter,3
501888,Ryan Kalish,2016,kalisry01,Batter,7
628356,Jung Ho Kang,2019,kangju01,Batter,678
501992,Nate Karns,2019,karnsna01,Pitcher,2
493128,Munenori Kawasaki,2016,kawasmu01,Batter,38
431148,Scott Kazmir,2016,kazmisc01,Pitcher,21
641745,Brad Keller,2019,kellebr01,Pitcher,5
656605,Mitch Keller,2019,kellemi03,Pitcher,7
608348,Carson Kelly,2019,kellyca02,Batter,332
543391,Casey Kelly,2018,kellyca01,Pitcher,4
430603,Don Kelly,2016,kellydo01,Batter,23
523260,Joe Kelly,2019,kellyjo05,Pitcher,3
518876,Merrill Kelly,2019,kellyme01,Pitcher,27
571841,Ty Kelly,2018,kellyty01,Batter,122
461314,Matt Kemp,2019,kempma01,Batter,1643
643393,Tony Kemp,2019,kempto01,Batter,534
435062,Howie Kendrick,2019,kendrho01,Batter,1418
452718,Kyle Kendrick,2017,kendrky01,Pitcher,27
664028,Brett Kennedy,2018,kennebr02,Pitcher,4
453178,Ian Kennedy,2019,kenneia01,Pitcher,25
596146,Max Kepler,2019,keplema01,Batter,1565
477132,Clayton Kershaw,2019,kershcl01,Pitcher,186
572971,Dallas Keuchel,2019,keuchda01,Pitcher,14
666198,Carter Kieboom,2019,kieboca01,Batter,23
571851,Spencer Kieboom,2018,kiebosp01,Batter,97
518883,Dean Kiekhefer,2018,kiekhde01,Pitcher,1
595281,Kevin Kiermaier,2019,kiermke01,Batter,1567
547957,Hyun Soo Kim,2017,kimhy01,Batter,420
643396,Isiah Kiner-Falefa,2019,kineris01,Batter,447
664068,Scott Kingery,2019,kingesc01,Batter,637
592468,Nick Kingham,2019,kinghni01,Pitcher,15
435079,Ian Kinsler,2019,kinslia01,Batter,2139
445213,Brandon Kintzler,2019,kintzbr01,Pitcher,1
543401,Jason Kipnis,2019,kipnija01,Batter,1975
623182,Patrick Kivlehan,2018,kivlepa01,Batter,134
446372,Corey Kluber,2019,klubeco01,Pitcher,8
595284,Andrew Knapp,2019,knappan01,Batter,312
668800,Andrew Knizner,2019,kniznan01,Batter,39
571863,Matt Koch,2019,kochma01,Pitcher,7
543408,Tom Koehler,2017,koehlto01,Pitcher,51
502004,George Kontos,2018,kontoge01,Pitcher,1
518902,Pete Kozma,2018,kozmape01,Batter,157
596012,Kevin Kramer,2019,krameke01,Batter,42
456124,Erik Kratz,2019,kratzer01,Batter,274
571868,Marc Krauss,2015,krausma01,Batter,47
571871,Ian Krol,2018,krolia01,Pitcher,2
605323,Kyle Kubitza,2015,kubitky01,Batter,21
641771,Chad Kuhl,2018,kuhlch01,Pitcher,62
669270,Joel Kuhnel,2019,kuhnejo01,Pitcher,1
600303,Tommy La Stella,2019,lasteto01,Batter,694
407793,John Lackey,2017,lackejo01,Pitcher,100
502285,Tyler Ladendorf,2016,ladenty01,Batter,50
444836,Aaron Laffey,2015,laffeaa01,Pitcher,1
501571,Juan Lagares,2019,lagarju01,Batter,898
408042,Gerald Laird,2015,lairdge01,Batter,2
516809,Junior Lake,2016,lakeju01,Batter,75
503351,Blake Lalli,2016,lallibl01,Batter,10
534606,Ryan LaMarre,2019,lamarry01,Batter,153
571875,Jake Lamb,2019,lambja01,Batter,1280
543424,John Lamb,2018,lambjo02,Pitcher,16
663567,Peter Lambert,2019,lambepe01,Pitcher,18
518911,Andrew Lambo,2016,lamboan01,Batter,18
659275,Dinelson Lamet,2019,lametdi01,Pitcher,23
425560,Adam LaRoche,2015,larocad01,Batter,296
502009,Mat Latos,2017,latosma01,Pitcher,22
641778,Eric Lauer,2019,lauerer01,Pitcher,32
657656,Ramon Laureano,2019,laurera01,Batter,417
543432,Ryan Lavarnway,2019,lavarry01,Batter,92
571882,Derek Law,2019,lawde01,Pitcher,2
596271,Casey Lawrence,2018,lawreca01,Pitcher,1
543434,Brett Lawrie,2016,lawribr01,Batter,660
502190,Mike Leake,2019,leakemi01,Pitcher,105
453281,Wade LeBlanc,2019,leblawa01,Pitcher,3
459967,Sam LeCure,2015,lecursa01,Pitcher,1
657658,Braxton Lee,2018,leebr01,Batter,9
493193,Dae-ho Lee,2016,leeda02,Batter,218
545346,Zach Lee,2017,leeza01,Pitcher,5
643410,Mark Leiter,2018,leitema02,Pitcher,14
518934,DJ LeMahieu,2019,lemahdj01,Batter,2411
506702,Sandy Leon,2019,leonsa01,Batter,784
452657,Jon Lester,2019,lestejo01,Pitcher,166
641786,Kyle Lewis,2019,lewisky01,Batter,42
642736,Domingo Leyba,2019,leybado01,Batter,16
571893,Adam Liberatore,2018,liberad01,Pitcher,1
453311,Tim Lincecum,2016,linceti01,Pitcher,11
452252,Adam Lind,2017,lindad01,Batter,934
458676,Josh Lindblom,2017,lindbjo01,Pitcher,1
596019,Francisco Lindor,2019,lindofr01,Batter,2449
434538,Francisco Liriano,2019,liriafr01,Pitcher,65
542642,Rymer Liriano,2017,liriary01,Batter,27
594902,Ben Lively,2019,livelbe01,Pitcher,22
467785,Radhames Liz,2015,lizra01,Pitcher,1
643414,Kyle Lloyd,2017,lloydky01,Pitcher,1
446653,Jose Lobaton,2018,lobatjo01,Batter,317
543456,Kyle Lobstein,2016,lobstky01,Pitcher,1
641796,Tim Locastro,2019,locasti01,Batter,175
502046,Jeff Locke,2017,lockeje01,Pitcher,43
429400,Adam Loewen,2016,loewead01,Pitcher,3
346798,Kyle Lohse,2016,lohseky01,Pitcher,29
489067,Ryan Lollis,2015,lolliry01,Batter,11
543459,Steve Lombardozzi,2017,lombast02,Batter,12
425766,James Loney,2016,loneyja01,Batter,633
643418,Shed Long,2019,longsh01,Batter,112
446334,Evan Longoria,2019,longoev01,Batter,2185
621005,Tim Lopes,2019,lopesti01,Batter,82
605347,Jorge Lopez,2019,lopezjo02,Pitcher,2
670032,Nicky Lopez,2019,lopezni01,Batter,328
641154,Pablo Lopez,2019,lopezpa01,Pitcher,24
607257,Rafael Lopez,2018,lopezra02,Batter,96
625643,Reynaldo Lopez,2019,lopezre01,Pitcher,6
547179,Michael Lorenzen,2019,lorenmi01,Pitcher,86
518953,David Lough,2016,loughda01,Batter,157
664040,Brandon Lowe,2019,lowebr01,Batter,274
663993,Nate Lowe,2019,lowena01,Batter,102
476704,Jed Lowrie,2019,lowrije01,Batter,1398
664192,Joey Lucchesi,2019,lucchjo01,Pitcher,25
518960,Jonathan Lucroy,2019,lucrojo01,Batter,1661
608475,Dawel Lugo,2019,lugoda01,Batter,288
607625,Seth Lugo,2019,lugose01,Pitcher,37
656669,Jordan Luplow,2019,luplojo01,Batter,294
666158,Gavin Lux,2019,luxga01,Batter,51
543475,Jordan Lyles,2019,lylesjo01,Pitcher,43
458681,Lance Lynn,2019,lynnla01,Pitcher,55
544928,Tyler Lyons,2019,lyonsty01,Pitcher,15
553988,Dixon Machado,2018,machadi01,Batter,367
592518,Manny Machado,2019,machama01,Batter,2544
466948,Jean Machi,2017,machije01,Pitcher,1
628317,Kenta Maeda,2019,maedake01,Pitcher,135
641816,Tyler Mahle,2019,mahlety01,Pitcher,39
543484,Mikie Mahtook,2019,mahtomi01,Batter,629
571912,Luke Maile,2019,mailelu01,Batter,426
628318,Kazuhisa Makita,2018,makitka01,Pitcher,1
455117,Martin Maldonado,2019,maldoma01,Batter,1148
640455,Sean Manaea,2019,manaese01,Pitcher,7
641820,Trey Mancini,2019,mancitr01,Batter,1302
595307,Seth Maness,2017,manesse01,Pitcher,1
676606,Nick Margevicius,2019,margeni01,Pitcher,8
622534,Manuel Margot,2019,margoma01,Batter,1110
516970,Sugar Ray Marimon,2015,marimsu01,Pitcher,3
501697,Jhan Marinez,2018,marinjh01,Pitcher,4
545350,Jake Marisnick,2019,marisja01,Batter,904
605357,Mike Marjama,2018,marjami01,Batter,29
455976,Nick Markakis,2019,markani01,Batter,2408
571917,Parker Markel,2019,markepa01,Pitcher,2
608566,German Marquez,2019,marquge01,Pitcher,113
150302,Jason Marquis,2015,marquja01,Pitcher,12
502029,Chris Marrero,2017,marrech01,Batter,29
571918,Deven Marrero,2019,marrede01,Batter,208
501245,Alfredo Marte,2015,marteal01,Batter,5
527043,Jefry Marte,2018,marteje01,Batter,503
606466,Ketel Marte,2019,marteke01,Batter,1639
516782,Starling Marte,2019,martest01,Batter,1982
641829,Jason Martin,2019,martija03,Batter,26
547982,Leonys Martín,2019,martile01,Batter,1082
621006,Richie Martin,2019,martiri01,Batter,200
431145,Russell Martin,2019,martiru01,Batter,1222
593372,Carlos Martinez,2019,martica04,Pitcher,144
502110,J. D. Martinez,2019,martijd02,Batter,1914
500874,Jose Martinez,2019,martijo08,Batter,909
492841,Michael Martinez,2017,martimi02,Batter,118
607259,Nick Martinez,2017,martini01,Pitcher,4
400121,Victor Martinez,2018,martivi01,Batter,1598
605361,Nick Martini,2019,martini02,Batter,183
621086,James Marvel,2019,marveja01,Pitcher,2
475416,Justin Masterson,2015,masteju01,Pitcher,2
518991,Darin Mastroianni,2016,mastrda01,Batter,5
425772,Jeff Mathis,2019,mathije01,Batter,554
664208,Phil Maton,2019,matonph01,Pitcher,2
571927,Steven Matz,2019,matzst01,Pitcher,125
554431,Tyler Matzek,2015,matzety01,Pitcher,7
408045,Joe Mauer,2018,mauerjo01,Batter,1723
622194,Bruce Maxwell,2018,maxwebr01,Batter,266
452239,Justin Maxwell,2015,maxweju01,Batter,173
669160,Dustin May,2019,maydu01,Pitcher,7
594576,Jacob May,2017,mayja02,Batter,19
460055,John Mayberry,2015,maybejo02,Batter,77
457727,Cameron Maybin,2019,maybica01,Batter,1418
608686,Jack Mayfield,2019,mayfija01,Batter,48
608577,Nomar Mazara,2019,mazarno01,Batter,1525
607391,Chris Mazza,2019,mazzach01,Pitcher,2
473724,Matt McBride,2016,mcbrima02,Batter,71
643436,Ryan McBroom,2019,mcbrory01,Batter,50
435263,Brian McCann,2019,mccanbr01,Batter,1362
543510,James McCann,2019,mccanja02,Batter,1422
435221,Brandon McCarthy,2018,mccarbr01,Pitcher,25
621121,Lance McCullers,2018,mcculla02,Pitcher,8
457705,Andrew McCutchen,2019,mccutan01,Batter,1930
519008,T. J. McFarland,2019,mcfartj01,Pitcher,3
431171,Casey McGehee,2016,mcgehca01,Batter,265
430661,Dustin McGowan,2017,mcgowdu01,Pitcher,1
641851,Kyle McGowin,2019,mcgowky01,Pitcher,5
657681,Kyle McGrath,2018,mcgraky01,Pitcher,1
592547,Deck McGuire,2018,mcguide02,Pitcher,4
624512,Reese McGuire,2019,mcguire01,Batter,101
543521,Collin McHugh,2019,mchugco01,Pitcher,8
656713,Brendan McKay,2019,mckaybr01,Pitcher,8
502374,Michael McKenry,2016,mckenmi01,Batter,86
641856,Billy McKinney,2019,mckinbi01,Batter,264
641857,Ryan McMahon,2019,mcmahry01,Batter,451
643446,Jeff McNeil,2019,mcneije01,Batter,636
656725,Alex McRae,2019,mcraeal01,Pitcher,5
640457,Austin Meadows,2019,meadoau01,Batter,537
607644,John Means,2019,meansjo01,Pitcher,1
622270,Alex Mejia,2017,mejiaal01,Batter,33
625510,Erick Mejia,2019,mejiaer01,Batter,15
642336,Francisco Mejia,2019,mejiafr01,Batter,217
623180,Seth Mejias-Brean,2019,mejiase01,Batter,21
543532,Tim Melville,2019,melviti01,Pitcher,5
622795,Yohander Mendez,2019,mendeyo01,Pitcher,1
664901,Danny Mendick,2019,mendida01,Batter,28
669214,Conner Menez,2019,menezco01,Pitcher,3
596043,Daniel Mengden,2019,mengdda01,Pitcher,7
640458,Oscar Mercado,2019,mercaos01,Batter,354
474568,Jordy Mercer,2019,mercejo03,Batter,1677
593160,Whit Merrifield,2019,merriwh01,Batter,1811
519023,Devin Mesoraco,2018,mesorde01,Batter,371
543542,Alex Meyer,2017,meyeral01,Pitcher,1
656738,Ben Meyer,2018,meyerbe02,Pitcher,1
519025,Will Middlebrooks,2017,middlwi01,Batter,233
571945,Miles Mikolas,2019,mikolmi01,Pitcher,62
489119,Wade Miley,2019,mileywa01,Pitcher,33
543543,Brad Miller,2019,millebr02,Batter,1221
641878,Ian Miller,2019,milleia01,Batter,14
502522,Justin Miller,2019,milleju02,Pitcher,1
623166,Mike Miller,2016,millemi01,Batter,1
571946,Shelby Miller,2019,millesh01,Pitcher,43
621219,Alec Mills,2019,millsal02,Pitcher,9
543548,Tommy Milone,2019,milonto01,Pitcher,12
501985,Mike Minor,2019,minormi01,Pitcher,5
664641,Ariel Miranda,2018,miranar01,Pitcher,3
571951,Bryan Mitchell,2018,mitchbr01,Pitcher,8
425877,Yadier Molina,2019,molinya01,Batter,2081
660162,Yoan Moncada,2019,moncayo01,Batter,850
519037,Carlos Moncrief,2017,moncrca01,Batter,23
609275,Adalberto Mondesi,2019,mondera02,Batter,599
476192,Johnny Monell,2015,moneljo01,Batter,35
524968,Jesus Montero,2015,monteje01,Batter,80
471083,Miguel Montero,2018,montemi01,Batter,573
606160,Rafael Montero,2019,montera01,Pitcher,18
656756,Jordan Montgomery,2019,montgjo01,Pitcher,1
543557,Mike Montgomery,2019,montgmi01,Pitcher,40
446192,Adam Moore,2018,mooread01,Batter,14
664238,Dylan Moore,2019,mooredy01,Batter,154
519043,Matt Moore,2019,moorema02,Pitcher,47
489138,Tyler Moore,2017,moorety01,Batter,273
434778,Kendrys Morales,2019,moralke01,Batter,1791
592567,Colin Moran,2019,moranco01,Batter,707
543569,Brent Morel,2015,morelbr01,Batter,4
519048,Mitch Moreland,2019,morelmi01,Batter,1615
605388,Adam Morgan,2019,morgaad01,Pitcher,36
408047,Justin Morneau,2016,morneju01,Batter,294
621559,Max Moroff,2019,morofma01,Batter,128
489149,Logan Morrison,2019,morrilo01,Batter,1266
453344,Brandon Morrow,2018,morrobr01,Pitcher,1
434604,Mike Morse,2017,morsemi01,Batter,181
450203,Charlie Morton,2019,mortoch02,Pitcher,25
621209,Jon Moscot,2016,moscojo01,Pitcher,3
461235,Brandon Moss,2017,mossbr01,Batter,827
600301,Taylor Motter,2018,motteta01,Batter,283
519058,Mike Moustakas,2019,moustmi01,Batter,1920
570615,Steven Moya,2016,moyast01,Batter,68
656775,Cedric Mullins,2019,mullice01,Batter,183
571970,Max Muncy,2019,muncyma01,Batter,762
594940,Daniel Muno,2015,munoda01,Batter,16
622168,Yairo Munoz,2019,munozya01,Batter,357
502517,Daniel Murphy,2019,murphda08,Batter,2044
461815,David Murphy,2015,murphda07,Batter,312
571974,J. R. Murphy,2019,murphjr01,Batter,353
669221,Sean Murphy,2019,murphse01,Batter,37
608596,Tom Murphy,2019,murphto04,Batter,287
643466,Harrison Musgrave,2019,musgrha01,Pitcher,2
605397,Joe Musgrove,2019,musgrjo01,Pitcher,55
571976,Wil Myers,2019,myerswi01,Batter,1481
435063,Mike Napoli,2017,napolmi01,Batter,914
571980,Tyler Naquin,2019,naquity01,Batter,577
553882,Omar Narvaez,2019,narvaom01,Batter,846
429780,Chris Narveson,2016,narvech01,Pitcher,3
537953,Daniel Nava,2017,navada01,Batter,348
425900,Dioner Navarro,2016,navardi01,Batter,375
519068,Efren Navarro,2018,navaref01,Batter,109
519071,Rey Navarro,2015,navarre01,Batter,26
647304,Josh Naylor,2019,naylojo01,Batter,189
594943,Zach Neal,2018,nealza01,Pitcher,2
502117,Kristopher Negron,2019,negrokr01,Batter,162
519076,Jimmy Nelson,2019,nelsoji02,Pitcher,61
641914,Sheldon Neuse,2019,neusesh01,Batter,37
656794,Sean Newcomb,2019,newcose01,Pitcher,24
621028,Kevin Newman,2019,newmake01,Batter,499
547912,Gift Ngoepe,2018,ngoepgi01,Batter,34
504379,Juan Nicasio,2019,nicasju01,Pitcher,15
592592,Brett Nicholas,2017,nichobr01,Batter,81
592593,Justin Nicolino,2017,nicolju01,Pitcher,37
621512,Tomas Nido,2019,nidoto01,Batter,164
477003,Jonathon Niese,2016,niesejo01,Pitcher,50
543590,Kirk Nieuwenhuis,2017,nieuwki01,Batter,292
408242,Wil Nieves,2015,nievewi01,Batter,9
607043,Brandon Nimmo,2019,nimmobr01,Batter,591
656798,Jacob Nix,2018,nixja02,Pitcher,4
456051,Hector Noesi,2019,noesihe01,Pitcher,1
605400,Aaron Nola,2019,nolaaa01,Pitcher,93
543592,Austin Nola,2019,nolaau01,Batter,175
445060,Ricky Nolasco,2017,nolasri01,Pitcher,5
669738,Jake Noll,2019,nollja01,Batter,8
519082,Nick Noonan,2016,noonani01,Batter,27
502032,Bud Norris,2018,norribu01,Pitcher,23
596057,Daniel Norris,2019,norrida01,Pitcher,7
519083,Derek Norris,2017,norride01,Batter,791
656803,James Norwood,2019,norwoja01,Pitcher,3
641924,Jacob Nottingham,2019,nottija01,Batter,16
467100,Ivan Nova,2019,novaiv01,Pitcher,52
624513,Dom Nunez,2019,nunezdo01,Batter,22
456488,Eduardo Nunez,2019,nunezed02,Batter,1588
600524,Renato Nunez,2019,nunezre01,Batter,591
573064,Vidal Nuno,2018,nunovi01,Pitcher,10
657434,Brian O'Grady,2019,ogradbr01,Batter,25
622217,Chris O'Grady,2018,ogradch01,Pitcher,3
656811,Ryan O'Hearn,2019,ohearry01,Batter,333
502523,Shawn O'Malley,2016,omallsh01,Batter,179
641933,Tyler O'Neill,2019,oneilty01,Batter,161
594951,Ryan O'Rourke,2019,orourry01,Pitcher,1
457711,Sean O'Sullivan,2016,osullse01,Pitcher,10
519085,Brett Oberholtzer,2016,oberhbr01,Pitcher,5
596059,Rougned Odor,2019,odorro01,Batter,1953
543606,Jake Odorizzi,2019,odorija01,Pitcher,14
572000,Mike Ohlman,2017,ohlmami01,Batter,10
660271,Shohei Ohtani,2019,ohtansh01,Pitcher,498
493343,Héctor Olivera,2016,olivehe01,Batter,81
621566,Matt Olson,2019,olsonma02,Batter,908
592609,Mike Olt,2015,oltmi01,Batter,59
644337,Nate Orf,2018,orfna01,Batter,13
449181,Paulo Orlando,2018,orlanpa01,Batter,671
542364,Rafael Ortega,2019,ortegra01,Batter,338
543611,Danny Ortiz,2017,ortizda02,Batter,11
120074,David Ortiz,2016,ortizda01,Batter,884
591741,Jose Osuna,2019,osunajo01,Batter,472
621261,Corey Oswalt,2019,oswalco01,Pitcher,8
572008,Chris Owings,2019,owingch01,Batter,1304
542303,Marcell Ozuna,2019,ozunama01,Batter,2103
457574,Jordan Pacheco,2016,pachejo01,Batter,89
663978,Chris Paddack,2019,paddach01,Pitcher,23
434636,Angel Pagan,2016,paganan01,Batter,848
641941,Emilio Pagan,2019,paganem01,Pitcher,1
594953,Daniel Palka,2019,palkada01,Batter,313
605412,Joe Panik,2019,panikjo01,Batter,1933
517370,Jimmy Paredes,2016,paredji01,Batter,362
666560,Byung Ho Park,2016,parkby01,Batter,135
592620,Jarrett Parker,2019,parkeja03,Batter,227
592621,Kyle Parker,2015,parkeky01,Batter,69
476633,Chris Parmelee,2016,parmech01,Batter,76
622210,Ian Parmley,2017,parmlia01,Batter,2
467827,Gerardo Parra,2019,parrage01,Batter,1616
519107,Andy Parrino,2015,parrian01,Batter,1
641958,Jordan Patterson,2016,pattejo03,Batter,17
607359,Spencer Patton,2016,pattosp01,Pitcher,1
572019,Ben Paulsen,2016,paulsbe01,Batter,298
502748,Brad Peacock,2019,peacobr01,Pitcher,4
456665,Steve Pearce,2019,pearcst01,Batter,912
408241,Jake Peavy,2016,peavyja01,Pitcher,34
592626,Joc Pederson,2019,pederjo01,Batter,1440
456030,Dustin Pedroia,2019,pedrodu01,Batter,1276
451713,Carlos Peguero,2015,pegueca01,Batter,38
460059,Mike Pelfrey,2017,pelfrmi01,Pitcher,2
516414,Ariel Pena,2016,penaar01,Pitcher,1
430910,Brayan Pena,2016,penabr01,Batter,310
570240,Felix Pena,2019,penafe01,Pitcher,9
506747,Francisco Pena,2018,penafr01,Batter,127
455369,Ramiro Pena,2016,penara02,Batter,71
452254,Hunter Pence,2019,pencehu01,Batter,1243
460060,Cliff Pennington,2018,pennicl01,Batter,430
444482,David Peralta,2019,peralda01,Batter,1646
642547,Freddy Peralta,2019,peralfr01,Pitcher,22
425509,Jhonny Peralta,2017,peraljh01,Batter,742
407908,Joel Peralta,2016,peraljo01,Pitcher,1
503449,Wily Peralta,2019,peralwi01,Pitcher,48
606299,Jose Peraza,2019,perazjo01,Batter,1520
606131,Luis Perdomo,2019,perdolu02,Pitcher,59
542208,Carlos Perez,2018,perezca02,Batter,493
516811,Eury Perez,2015,perezeu01,Batter,96
541650,Hernan Perez,2019,perezhe01,Batter,1278
543633,Juan Perez,2015,perezju02,Batter,33
527048,Martin Perez,2019,perezma02,Pitcher,3
605421,Michael Perez,2019,perezmi03,Batter,82
424144,Oliver Perez,2019,perezol01,Pitcher,3
547379,Roberto Perez,2019,perezro02,Batter,746
521692,Salvador Perez,2018,perezsa02,Batter,1622
554234,Williams Perez,2016,perezwi01,Pitcher,27
570639,Yefri Perez,2016,perezye01,Batter,2
573088,Cameron Perkins,2017,perkica01,Batter,65
596071,Dillon Peters,2019,peterdi01,Pitcher,6
640460,Dustin Peterson,2019,peterdu01,Batter,31
607054,Jace Peterson,2019,peterja01,Batter,1055
451089,Shane Peterson,2017,petersh01,Batter,204
623402,Tim Peterson,2019,peterti01,Pitcher,1
463610,Gregorio Petit,2018,petitgr01,Batter,226
433589,Yusmeiro Petit,2019,petityu01,Pitcher,11
502054,Tommy Pham,2019,phamth01,Batter,1325
572033,Josh Phegley,2019,phegljo01,Batter,679
475479,David Phelps,2019,phelpda01,Pitcher,26
408252,Brandon Phillips,2018,phillbr01,Batter,1517
621433,Brett Phillips,2019,phillbr02,Batter,168
543652,Tyler Pill,2017,pillty01,Pitcher,4
607680,Kevin Pillar,2019,pillake01,Batter,2387
444489,Manny Pina,2019,pinama01,Batter,659
572038,Branden Pinder,2016,pindebr01,Pitcher,1
640461,Chad Pinder,2019,pindech01,Batter,690
501381,Michael Pineda,2019,pinedmi01,Pitcher,5
500887,Josmil Pinto,2016,pintojo01,Batter,1
517369,Jose Pirela,2019,pireljo01,Batter,693
572039,Stephen Piscotty,2019,piscost01,Batter,1585
601713,Nick Pivetta,2019,pivetni01,Pitcher,49
608700,Kevin Plawecki,2019,plaweke01,Batter,655
461858,Trevor Plouffe,2018,plouftr01,Batter,909
592644,Adam Plutko,2019,plutkad01,Pitcher,1
570256,Gregory Polanco,2019,polangr01,Batter,1647
593871,Jorge Polanco,2019,polanjo01,Batter,1373
572041,A. J. Pollock,2019,polloaj01,Batter,1454
519141,Drew Pomeranz,2019,pomerdr01,Pitcher,20
592647,Dalton Pompey,2018,pompeda01,Batter,76
594965,Daniel Ponce de Leon,2019,ponceda01,Pitcher,10
519144,Rick Porcello,2019,porceri01,Pitcher,13
457763,Buster Posey,2019,poseybu01,Batter,2083
621471,Boog Powell,2018,powelbo02,Batter,105
445988,Martin Prado,2019,pradoma01,Batter,1447
502100,Alex Presley,2017,preslal01,Batter,299
456034,David Price,2019,priceda01,Pitcher,10
445095,Jason Pridie,2015,pridija01,Batter,5
595777,Jurickson Profar,2019,profaju01,Batter,1075
527049,Cesar Puello,2019,puellce01,Batter,109
624577,Yasiel Puig,2019,puigya01,Batter,1615
405395,Albert Pujols,2019,pujolal01,Batter,2371
615698,Cal Quantrill,2019,quantca01,Pitcher,19
578570,Juniel Querecuto,2016,quereju01,Batter,5
596451,Roman Quinn,2019,quinnro01,Batter,208
500779,Jose Quintana,2019,quintjo01,Pitcher,65
430605,Ryan Raburn,2017,raburry01,Batter,312
493351,Alexei Ramírez,2016,ramiral03,Batter,930
133380,Aramis Ramirez,2015,ramirar01,Batter,407
541640,Erasmo Ramirez,2019,ramirer02,Pitcher,3
434670,Hanley Ramirez,2019,ramirha01,Batter,1313
623912,Harold Ramirez,2019,ramirha02,Batter,330
500724,J. C. Ramirez,2019,ramirjc01,Pitcher,2
608070,Jose Ramirez,2019,ramirjo01,Batter,2201
606162,Yefry Ramirez,2019,ramirye01,Pitcher,3
467092,Wilson Ramos,2019,ramoswi01,Batter,1655
519168,Anthony Ranaudo,2016,ranauan01,Pitcher,2
458675,Colby Rasmus,2018,rasmuco01,Batter,628
474284,Cory Rasmus,2016,rasmuco02,Pitcher,1
592660,Rangel Ravelo,2019,ravelra01,Batter,27
502051,Josh Ravin,2018,ravinjo01,Pitcher,1
592662,Robbie Ray,2019,rayro02,Pitcher,116
607067,Colin Rea,2016,reaco01,Pitcher,22
600466,Raudy Read,2019,readra01,Batter,14
592663,J. T. Realmuto,2019,realmjt01,Batter,1994
489232,Anthony Recker,2017,reckean01,Batter,119
502210,Josh Reddick,2019,reddijo01,Batter,1999
607223,A. J. Reed,2019,reedaj01,Batter,104
592665,Addison Reed,2018,reedad01,Pitcher,2
642003,Cody Reed,2019,reedco01,Pitcher,6
605439,Michael Reed,2019,reedmi02,Batter,24
608701,Rob Refsnyder,2018,refsnro01,Batter,287
460099,Nolan Reimold,2016,reimono01,Batter,264
595373,Jack Reinheimer,2018,reinhja01,Batter,23
573113,Tony Renda,2018,rendato01,Batter,49
543685,Anthony Rendon,2019,rendoan01,Batter,2023
592669,Hunter Renfroe,2019,renfrhu01,Batter,915
650859,Luis Rengifo,2019,rengilu01,Batter,264
519184,Ben Revere,2017,reverbe01,Batter,1110
621052,Alex Reyes,2019,reyesal02,Pitcher,9
614177,Franmil Reyes,2019,reyesfr01,Batter,519
408314,Jose Reyes,2018,reyesjo01,Batter,1236
622569,Pablo Reyes,2019,reyespa01,Batter,154
622682,Victor Reyes,2019,reyesvi01,Batter,378
668804,Bryan Reynolds,2019,reynobr01,Batter,370
448602,Mark Reynolds,2019,reynoma01,Batter,1107
608703,Matt Reynolds,2018,reynoma03,Batter,140
453385,Clayton Richard,2019,richacl01,Pitcher,60
572070,Garrett Richards,2019,richaga01,Pitcher,1
670950,Trevor Richards,2019,richatr01,Pitcher,26
572073,Joey Rickard,2019,rickajo01,Batter,677
595375,JT Riddle,2019,riddljt01,Batter,509
516589,Andre Rienzo,2015,rienzan01,Pitcher,2
663586,Austin Riley,2019,rileyau01,Batter,166
425567,Alex Rios,2015,riosal01,Batter,318
621458,Edwin Rios,2019,riosed01,Batter,26
425784,Rene Rivera,2019,riverre01,Batter,555
608061,T. J. Rivera,2017,rivertj01,Batter,270
592680,Yadiel Rivera,2019,riverya01,Batter,185
519203,Anthony Rizzo,2019,rizzoan01,Batter,2350
543698,Donn Roach,2016,roachdo01,Pitcher,1
543699,Tanner Roark,2019,roarkta01,Pitcher,149
543706,Dan Robertson,2017,roberda09,Batter,161
621002,Daniel Robertson,2019,roberda10,Batter,498
519208,Clint Robinson,2016,robincl01,Batter,415
592685,Drew Robinson,2019,robindr01,Batter,121
453203,Shane Robinson,2018,robinsh01,Batter,301
570663,Hansel Robles,2019,robleha01,Pitcher,1
645302,Victor Robles,2019,roblevi01,Batter,471
663898,Brendan Rodgers,2019,rodgebr02,Batter,49
607074,Carlos Rodon,2019,rodonca01,Pitcher,5
121347,Alex Rodriguez,2016,rodrial01,Batter,536
605446,Dereck Rodriguez,2019,rodride01,Pitcher,28
593958,Eduardo Rodriguez,2019,rodried05,Pitcher,10
622446,Jefry Rodriguez,2019,rodrije01,Pitcher,8
500135,Ronny Rodriguez,2019,rodriro03,Batter,343
446481,Sean Rodriguez,2019,rodrise01,Batter,595
434643,Wandy Rodriguez,2015,rodriwa01,Pitcher,2
668670,Jake Rogers,2019,rogerja03,Batter,61
595386,Jason Rogers,2016,rogerja02,Batter,134
668942,Josh Rojas,2019,rojasjo01,Batter,97
500743,Miguel Rojas,2019,rojasmi02,Batter,1373
276519,Jimmy Rollins,2016,rolliji01,Batter,547
457449,Jamie Romak,2015,romakja01,Batter,9
607219,Sal Romano,2019,romansa01,Pitcher,22
544836,Enny Romero,2018,romeren01,Pitcher,1
552662,Stefen Romero,2016,romerst01,Batter,28
461865,Andrew Romine,2018,rominan01,Batter,605
519222,Austin Romine,2019,rominau01,Batter,661
489265,Sergio Romo,2019,romose01,Pitcher,1
444468,Hector Rondon,2019,rondohe01,Pitcher,2
602922,Jose Rondon,2019,rondojo02,Batter,196
489267,Adam Rosales,2018,rosalad01,Batter,413
451705,Alberto Rosario,2017,rosaral01,Batter,35
642708,Amed Rosario,2019,rosaram01,Batter,1043
592696,Eddie Rosario,2019,rosared01,Batter,1946
600968,Randy Rosario,2019,rosarra01,Pitcher,2
501647,Wilin Rosario,2015,rosarwi01,Batter,175
425496,Cody Ross,2015,rossco01,Batter,16
424325,David Ross,2016,rossda01,Batter,210
605452,Joe Ross,2019,rossjo01,Pitcher,70
475115,Tyson Ross,2019,rossty01,Pitcher,62
607387,Ryan Rua,2018,ruary01,Batter,378
607968,Drew Rucinski,2018,rucindr01,Pitcher,1
573131,Darin Ruf,2016,rufda01,Batter,257
448605,Justin Ruggiano,2017,ruggiju01,Batter,141
434563,Carlos Ruiz,2017,ruizca01,Batter,496
547004,Rio Ruiz,2019,ruizri01,Batter,403
519237,Cameron Rupp,2017,ruppca01,Batter,655
543734,Chris Rusin,2019,rusinch01,Pitcher,71
608365,Addison Russell,2019,russead02,Batter,1455
592710,Josh Rutledge,2017,rutlejo01,Batter,154
453895,Brendan Ryan,2016,ryanbr01,Batter,73
594986,Kyle Ryan,2019,ryanky01,Pitcher,1
547943,Hyun-Jin Ryu,2019,ryuhy01,Pitcher,54
594987,Casey Sadler,2019,sadleca02,Pitcher,4
573135,Tyler Saladino,2019,saladty01,Batter,731
477569,Fernando Salas,2019,salasfe01,Pitcher,2
517593,Danny Salazar,2019,salazda01,Pitcher,2
519242,Chris Sale,2019,salech01,Pitcher,11
457454,Jarrod Saltalamacchia,2018,saltaja01,Batter,285
502188,Jeff Samardzija,2019,samarje01,Pitcher,100
592716,Adrian Sampson,2019,sampsad01,Pitcher,1
572102,Keyvius Sampson,2016,sampske01,Pitcher,6
592717,Aaron Sanchez,2019,sanchaa01,Pitcher,7
506703,Adrian Sanchez,2019,sanchad01,Batter,117
605795,Angel Sanchez,2017,sanchan03,Pitcher,1
434671,Anibal Sanchez,2019,sanchan01,Pitcher,48
570560,Carlos Sanchez,2019,sanchca01,Batter,1634
596142,Gary Sanchez,2019,sanchga02,Batter,996
516949,Hector Sanchez,2017,sanchhe01,Batter,177
506997,Tony Sanchez,2017,sanchto01,Batter,5
467055,Pablo Sandoval,2019,sandopa01,Batter,988
543742,Jerry Sands,2016,sandsje01,Batter,118
593934,Miguel Sano,2019,sanomi01,Batter,1042
467793,Carlos Santana,2019,santaca01,Batter,2320
542454,Danny Santana,2019,santada01,Batter,838
642701,Dennis Santana,2019,santade01,Pitcher,3
570267,Domingo Santana,2019,santado01,Batter,1020
429722,Ervin Santana,2019,santaer01,Pitcher,9
623993,Anthony Santander,2019,santaan02,Batter,396
502327,Hector Santiago,2019,santihe01,Pitcher,6
596143,Luis Sardinas,2018,sardilu01,Batter,255
459431,Michael Saunders,2017,saundmi01,Batter,517
543746,Rob Scahill,2018,scahiro01,Pitcher,1
457788,Jordan Schafer,2015,schafjo02,Batter,46
502582,Logan Schafer,2016,schaflo01,Batter,140
594988,Scott Schebler,2019,schebsc01,Batter,904
453286,Max Scherzer,2019,scherma01,Pitcher,216
572114,Ryan Schimpf,2018,schimry01,Batter,268
570731,Jonathan Schoop,2019,schoojo01,Batter,1859
519263,A. J. Schugel,2017,schugaj01,Pitcher,2
435401,Skip Schumaker,2015,schumsk01,Batter,193
656941,Kyle Schwarber,2019,schwaky01,Batter,1090
643524,Frank Schwindel,2019,schwifr01,Batter,13
489305,Xavier Scruggs,2016,scrugxa01,Batter,74
608369,Corey Seager,2019,seageco01,Batter,1456
572122,Kyle Seager,2019,seageky01,Batter,2234
574847,Rob Segedin,2017,segedro01,Batter,64
516416,Jean Segura,2019,segurje01,Batter,2464
592731,Steve Selsky,2017,selskst01,Batter,33
543760,Marcus Semien,2019,semiema01,Batter,2166
622608,Antonio Senzatela,2019,senzaan01,Pitcher,39
669222,Nick Senzel,2019,senzeni01,Batter,274
622663,Luis Severino,2019,severlu01,Pitcher,7
600474,Pedro Severino,2019,severpe01,Batter,422
623149,Paul Sewald,2019,sewalpa01,Pitcher,5
594992,Kevin Shackelford,2018,shackke01,Pitcher,2
572128,Richie Shaffer,2016,shaffri01,Batter,72
622046,Chris Shaw,2019,shawch01,Batter,41
543768,Travis Shaw,2019,shawtr01,Batter,1447
448306,James Shields,2018,shielja02,Pitcher,52
640463,Braden Shipley,2018,shiplbr01,Pitcher,22
533167,Matt Shoemaker,2019,shoemma01,Pitcher,3
592741,Chasen Shreve,2019,shrevch01,Pitcher,1
543776,JB Shuck,2019,shuckja01,Batter,475
642423,Magneuris Sierra,2019,sierrma01,Batter,187
501213,Moises Sierra,2018,sierrmo01,Batter,34
592743,Andrelton Simmons,2019,simmoan01,Batter,2290
430580,Alfredo Simon,2016,simonal01,Pitcher,10
608371,Lucas Sims,2019,simslu01,Pitcher,11
572138,Jon Singleton,2015,singljo02,Batter,30
448609,Tony Sipp,2019,sippto01,Pitcher,1
642082,Chance Sisco,2019,siscoch01,Batter,211
429713,Grady Sizemore,2015,sizemgr01,Batter,213
572140,Tyler Skaggs,2019,skaggty01,Pitcher,1
607215,Eric Skoglund,2019,skogler01,Pitcher,1
605474,Matt Skole,2019,skolema01,Batter,49
596103,Austin Slater,2019,slateau01,Batter,327
592761,Caleb Smith,2019,smithca03,Pitcher,37
642086,Dominic Smith,2019,smithdo02,Batter,347
596105,Dwight Smith,2019,smithdw02,Batter,344
595001,Josh Smith,2019,smithjo07,Pitcher,12
607345,Kevan Smith,2019,smithke04,Batter,547
605480,Mallex Smith,2019,smithma05,Batter,1086
452234,Seth Smith,2017,smithse01,Batter,836
642094,Tyler Smith,2017,smithty01,Batter,8
519293,Will Smith,2019,smithwi04,Pitcher,1
669257,Will Smith,2019,smithwi05,Batter,118
475253,Justin Smoak,2019,smoakju01,Batter,1486
519294,Josh Smoker,2018,smokejo01,Pitcher,1
519295,Jake Smolinski,2018,smolija01,Batter,423
592767,Drew Smyly,2019,smylydr01,Pitcher,12
605483,Blake Snell,2019,snellbl01,Pitcher,5
501983,Travis Snider,2015,snidetr01,Batter,171
474319,Brandon Snyder,2018,snydebr03,Batter,34
656977,Chad Sobotka,2019,sobotch01,Pitcher,1
462515,Miguel Socolovich,2018,socolmi01,Pitcher,2
519299,Eric Sogard,2019,sogarer01,Batter,941
669256,Nick Solak,2019,solakni01,Batter,87
456781,Donovan Solano,2019,solando01,Batter,257
500207,Jhonatan Solano,2015,solanjh01,Batter,19
500208,Yangervis Solarte,2019,solarya01,Batter,1670
624585,Jorge Soler,2019,solerjo01,Batter,1032
519301,Sammy Solis,2018,solissa01,Pitcher,4
647336,Mike Soroka,2019,sorokmi01,Pitcher,37
624641,Edmundo Sosa,2019,sosaed01,Batter,7
434567,Geovany Soto,2017,sotoge01,Batter,213
642397,Gregory Soto,2019,sotogr01,Pitcher,2
665742,Juan Soto,2019,sotoju01,Batter,725
519306,Steven Souza,2018,souzast01,Batter,1010
452655,Denard Span,2018,spande01,Batter,1499
605486,Cory Spangenberg,2019,spangco01,Batter,828
642098,Glenn Sparkman,2019,sparkgl01,Pitcher,2
543807,George Springer,2019,springe01,Batter,1970
607732,Jacob Stallings,2019,stallja01,Batter,202
608715,Eric Stamets,2019,stameer01,Batter,17
489334,Craig Stammen,2019,stammcr01,Pitcher,4
592774,Cody Stanley,2015,stanlco01,Batter,7
519317,Giancarlo Stanton,2019,stantmi03,Batter,1332
605490,Bubba Starling,2019,starlbu01,Batter,130
595426,Brock Stassi,2017,stassbr01,Batter,56
545358,Max Stassi,2019,stassma01,Batter,268
623451,Jackson Stephens,2018,stephja01,Pitcher,5
596112,Robert Stephenson,2019,stephro01,Pitcher,14
664057,Andrew Stevenson,2019,stevean01,Batter,108
592779,Brock Stewart,2019,stewabr01,Pitcher,8
455755,Chris Stewart,2018,stewach01,Batter,336
621514,Christin Stewart,2019,stewach02,Batter,313
621466,DJ Stewart,2019,stewadj01,Batter,128
519322,Drew Storen,2017,storedr01,Pitcher,1
596115,Trevor Story,2019,storytr01,Batter,1398
621381,Matt Strahm,2019,strahma01,Pitcher,13
573185,Dan Straily,2019,straida01,Pitcher,46
544931,Stephen Strasburg,2019,strasst01,Pitcher,174
608717,Chris Stratton,2019,stratch01,Pitcher,31
595005,Ryan Strausborger,2015,straury01,Batter,34
664702,Myles Straw,2019,strawmy01,Batter,93
548389,Ross Stripling,2019,stripro01,Pitcher,50
573186,Marcus Stroman,2019,stromma01,Pitcher,20
467008,Pedro Strop,2019,stroppe01,Pitcher,4
453211,Drew Stubbs,2017,stubbdr01,Batter,118
596117,Garrett Stubbs,2019,stubbga01,Batter,28
445590,Eric Stults,2015,stulter01,Pitcher,6
544150,Albert Suarez,2017,suareal01,Pitcher,12
605498,Andrew Suarez,2019,suarean01,Pitcher,22
553993,Eugenio Suarez,2019,suareeu01,Batter,1846
660761,Jose Suarez,2019,suarejo01,Pitcher,1
624133,Ranger Suarez,2019,suarera01,Pitcher,6
491696,Jesus Sucre,2019,sucreje01,Batter,469
593833,Wander Suero,2019,suerowa01,Pitcher,2
572180,Andrew Susac,2018,susacan01,Batter,122
608718,Brent Suter,2019,suterbr01,Pitcher,32
400085,Ichiro Suzuki,2019,suzukic01,Batter,834
435559,Kurt Suzuki,2019,suzukku01,Batter,1456
621020,Dansby Swanson,2019,swansda01,Batter,1178
657024,Erik Swanson,2019,swanser01,Pitcher,1
572182,Darnell Sweeney,2018,sweenda02,Batter,60
596119,Blake Swihart,2019,swihabl01,Batter,449
430897,Nick Swisher,2015,swishni01,Batter,165
592789,Noah Syndergaard,2019,syndeno01,Pitcher,78
519333,Matt Szczur,2018,szczuma01,Batter,405
467798,Jose Tabata,2015,tabatjo01,Batter,31
607369,Travis Taijeron,2017,taijetr01,Batter,28
592791,Jameson Taillon,2019,taillja01,Pitcher,78
547888,Masahiro Tanaka,2019,tanakma01,Pitcher,11
606132,Raimel Tapia,2019,tapiara01,Batter,495
502023,Travis Tartamella,2015,tartatr01,Batter,2
665487,Fernando Tatis,2019,tatisfe02,Batter,224
643565,Mike Tauchman,2019,tauchmi01,Batter,223
621035,Chris Taylor,2019,tayloch03,Batter,1090
572191,Michael Taylor,2019,taylomi02,Batter,1011
621438,Tyrone Taylor,2019,tayloty01,Batter,9
547749,Junichi Tazawa,2018,tazawju01,Pitcher,1
460003,Taylor Teagarden,2015,teagata01,Batter,11
527054,Julio Teheran,2019,teherju01,Pitcher,179
407893,Mark Teixeira,2016,teixema01,Batter,589
514913,Ruben Tejada,2019,tejadru01,Batter,447
542513,Tomas Telis,2018,telisto01,Batter,160
642133,Rowdy Tellez,2019,tellero01,Batter,303
519345,Joey Terdoslavich,2015,terdojo01,Batter,42
642136,Matt Thaiss,2019,thaisma01,Batter,95
519346,Eric Thames,2019,thameer01,Batter,712
489365,Josh Thole,2016,tholejo01,Batter,130
621962,Ian Thomas,2015,thomaia01,Pitcher,2
657041,Lane Thomas,2019,thomala02,Batter,30
622097,Jake Thompson,2018,thompja03,Pitcher,16
572204,Trayce Thompson,2018,thomptr01,Batter,370
592804,Tyler Thornburg,2019,thornty01,Pitcher,2
663423,Trent Thornton,2019,thorntr01,Pitcher,3
605508,Charlie Tilson,2019,tilsoch01,Batter,194
622786,Jesus Tinoco,2019,tinocje01,Pitcher,1
624636,Carlos Tocci,2018,toccica01,Both,81
592808,Andrew Toles,2018,tolesan01,Batter,182
476270,Steven Tolleson,2015,tollest01,Batter,32
630111,Yasmany Tomás,2019,tomasya01,Batter,809
458708,Josh Tomlin,2019,tomlijo01,Pitcher,10
605509,Kelby Tomlinson,2018,tomlike01,Batter,479
543859,Michael Tonkin,2017,tonkimi01,Pitcher,1
647351,Abraham Toro,2019,toroab01,Batter,59
620443,Luis Torrens,2019,torrelu01,Batter,101
456776,Alex Torres,2015,torreal01,Pitcher,1
448614,Carlos Torres,2019,torreca01,Pitcher,1
650402,Gleyber Torres,2019,torregl01,Batter,726
600526,Jose Torres,2017,torrejo02,Pitcher,1
593527,Ramon Torres,2018,torrera01,Batter,87
591720,Ronald Torreyes,2019,torrero01,Batter,509
657053,Touki Toussaint,2019,toussto01,Pitcher,7
541600,Wilfredo Tovar,2019,tovarwi01,Batter,68
664167,Blake Trahan,2018,trahabl01,Batter,10
581527,Devon Travis,2018,travide01,Batter,937
607752,Sam Travis,2019,travisa01,Batter,187
595014,Blake Treinen,2019,treinbl01,Pitcher,1
624431,Jose Trevino,2019,trevijo01,Batter,100
607374,Nick Tropeano,2019,tropeni01,Pitcher,1
545361,Mike Trout,2019,troutmi01,Batter,1838
444432,Mark Trumbo,2019,trumbma01,Batter,1496
425835,Chin-hui Tsao,2016,tsaoch01,Pitcher,1
627500,Jen-Ho Tseng,2018,tsengje01,Pitcher,1
657061,Cole Tucker,2019,tuckeco01,Batter,107
663656,Kyle Tucker,2019,tuckeky01,Batter,98
605512,Preston Tucker,2018,tuckepr01,Batter,449
449168,Matt Tuiasosopo,2016,tuiasma01,Batter,2
453064,Troy Tulowitzki,2019,tulowtr01,Batter,971
543867,Nik Turley,2017,turleni01,Pitcher,2
605513,Spencer Turnbull,2019,turnbsp01,Pitcher,2
545363,Jacob Turner,2018,turneja01,Pitcher,3
457759,Justin Turner,2019,turneju01,Batter,1866
642156,Stuart Turner,2017,turnest01,Batter,60
607208,Trea Turner,2019,turnetr01,Batter,1548
462564,Dan Uggla,2015,ugglada01,Batter,80
621249,Duane Underwood,2019,underdu01,Pitcher,1
425834,B. J. Upton,2016,uptonbj01,Batter,480
457708,Justin Upton,2019,uptonju01,Batter,1649
570632,Jose Urena,2019,urenajo01,Pitcher,48
620446,Richard Urena,2019,urenari01,Batter,158
628711,Julio Urias,2019,uriasju01,Pitcher,23
649966,Luis Urias,2019,uriaslu01,Batter,197
346874,Juan Uribe,2016,uribeju01,Batter,469
664353,Jose Urquidy,2019,urquijo01,Pitcher,1
625329,Henry Urrutia,2015,urruthe01,Batter,31
570482,Gio Urshela,2019,urshegi01,Batter,731
400284,Chase Utley,2018,utleych01,Batter,1088
642162,Pat Valaika,2019,valaipa01,Batter,277
472528,Luis Valbuena,2018,valbulu01,Batter,946
518170,Jordany Valdespin,2015,valdejo02,Batter,3
502143,Danny Valencia,2018,valenda01,Batter,1151
621044,Jesmuel Valentin,2018,valenje01,Batter,55
591971,Breyvic Valera,2019,valerbr01,Batter,101
475100,Scott Van Slyke,2017,vanslsc01,Batter,264
642165,Josh VanMeter,2019,vanmejo01,Batter,172
570714,Cesar Vargas,2016,vargace01,Pitcher,3
545121,Ildemaro Vargas,2019,vargail01,Batter,202
450306,Jason Vargas,2019,vargaja01,Pitcher,40
573627,Kennys Vargas,2017,vargake01,Batter,380
543877,Christian Vazquez,2019,vazquch01,Batter,984
553878,Felipe Vazquez,2019,riverfe01,Pitcher,2
592826,Vince Velasquez,2019,velasvi01,Pitcher,94
623205,Andrew Velazquez,2019,velazan01,Batter,17
584171,Hector Velazquez,2019,velazhe01,Pitcher,2
461416,Will Venable,2016,venabwi01,Batter,268
570649,Yordano Ventura,2016,ventuyo01,Pitcher,2
657077,Alex Verdugo,2019,verdual01,Batter,376
572403,Drew VerHagen,2019,verhadr01,Pitcher,1
434378,Justin Verlander,2019,verlaju01,Pitcher,9
548337,Logan Verrett,2017,verrelo01,Pitcher,12
425664,Shane Victorino,2015,victosh01,Batter,146
622713,Engelb Vielma,2018,vielmen01,Batter,3
453646,Carlos Villanueva,2016,villaca01,Pitcher,3
570799,Christian Villanueva,2018,villach01,Batter,269
542340,Jonathan Villar,2019,villajo01,Batter,1567
543881,Pedro Villarreal,2015,villape01,Pitcher,3
650619,Meibrys Viloria,2019,vilorme01,Batter,107
572227,Zach Vincej,2018,vinceza01,Batter,7
596129,Dan Vogelbach,2019,vogelda01,Batter,399
285064,Ryan Vogelsong,2016,vogelry01,Pitcher,29
519390,Stephen Vogt,2019,vogtst01,Batter,1167
572228,Luke Voit,2019,voitlu01,Batter,470
450172,Edinson Volquez,2019,volqued01,Pitcher,19
608723,Austin Voth,2019,vothau01,Pitcher,7
458015,Joey Votto,2019,vottojo01,Batter,2126
608379,Michael Wacha,2019,wachami01,Pitcher,104
493159,Tsuyoshi Wada,2015,wadats01,Pitcher,3
664774,LaMonte Wade,2019,wadela01,Batter,47
642180,Tyler Wade,2019,wadety01,Batter,148
621281,Tyler Wagner,2016,wagnety01,Pitcher,2
425794,Adam Wainwright,2019,wainwad01,Pitcher,115
605520,Mitch Walding,2019,waldimi01,Batter,5
592835,Kyle Waldrop,2016,waldrky02,Batter,17
572233,Christian Walker,2019,walkech02,Batter,413
668683,Jeremy Walker,2019,walkeje02,Pitcher,1
435522,Neil Walker,2019,walkene01,Batter,1589
592836,Taijuan Walker,2019,walketa01,Pitcher,40
477165,Brett Wallace,2016,wallabr01,Batter,199
595453,Chad Wallach,2019,wallach01,Batter,64
595023,Colin Walsh,2016,walshco02,Batter,25
665120,Jared Walsh,2019,walshja01,Both,44
595025,Zach Walters,2016,walteza01,Batter,18
622268,Donovan Walton,2019,waltodo01,Batter,11
621493,Taylor Ward,2019,wardta01,Batter,109
476589,Adam Warren,2019,warread01,Pitcher,2
572241,David Washington,2017,washida01,Batter,1
450308,Jered Weaver,2017,weaveje02,Pitcher,10
596133,Luke Weaver,2019,weavelu01,Pitcher,51
657277,Logan Webb,2019,webblo01,Pitcher,7
543901,Ryan Weber,2019,weberry01,Pitcher,5
543903,Allen Webster,2019,webstal01,Pitcher,5
457789,Jemile Weeks,2016,weeksje01,Batter,43
430001,Rickie Weeks,2017,weeksri01,Batter,233
621563,Joey Wendle,2019,wendljo01,Batter,672
150029,Jayson Werth,2017,werthja01,Batter,816
547007,Robert Whalen,2018,whalero01,Pitcher,7
554430,Zach Wheeler,2019,wheelza01,Pitcher,88
643603,Tyler White,2019,whitety01,Batter,552
623364,Brad Wieck,2019,wieckbr01,Pitcher,1
446308,Matt Wieters,2019,wietema01,Batter,1168
573244,Adam Wilk,2017,wilkad01,Pitcher,1
658792,Aaron Wilkerson,2019,wilkeaa01,Pitcher,6
592859,Stevie Wilkerson,2019,wilkest01,Batter,251
519421,Andy Wilkins,2016,wilkian01,Batter,14
519425,Jackson Williams,2015,willija01,Batter,9
642211,Justin Williams,2018,williju02,Batter,1
608384,Nick Williams,2019,willini01,Batter,575
592865,Taylor Williams,2019,willita01,Pitcher,1
592866,Trevor Williams,2019,willitr01,Pitcher,73
435064,Bobby Wilson,2019,wilsobo02,Batter,388
669060,Bryse Wilson,2019,wilsobr02,Pitcher,5
450351,C. J. Wilson,2015,wilsocj01,Pitcher,5
425543,Josh Wilson,2015,wilsojo03,Batter,23
592869,Tyler Wilson,2017,wilsoty01,Pitcher,2
608385,Jesse Winker,2019,winkeje01,Batter,610
595465,Dan Winkler,2019,winklda01,Pitcher,1
621550,Patrick Wisdom,2019,wisdopa01,Batter,42
605538,Matt Wisler,2019,wislema01,Pitcher,55
621295,Nick Wittgren,2019,wittgni01,Pitcher,3
592879,Asher Wojciechowski,2019,wojcias01,Pitcher,3
547172,Tony Wolters,2019,wolteto01,Batter,766
642221,Kean Wong,2019,wongke01,Batter,12
543939,Kolten Wong,2019,wongko01,Batter,1705
622072,Alex Wood,2019,woodal02,Pitcher,74
475243,Travis Wood,2017,woodtr01,Pitcher,31
605540,Brandon Woodruff,2019,woodrbr01,Pitcher,40
543942,Rob Wooten,2015,wootero01,Pitcher,1
474699,Vance Worley,2017,worleva01,Pitcher,25
519445,Danny Worth,2016,worthda01,Batter,33
642229,Daniel Wright,2017,wrighda04,Pitcher,3
431151,David Wright,2018,wrighda03,Batter,200
657140,Kyle Wright,2019,wrighky01,Pitcher,2
605541,Mike Wright,2019,wrighmi01,Pitcher,2
453214,Steven Wright,2019,wrighst01,Pitcher,2
642851,Austin Wynns,2019,wynnsau01,Batter,141
642231,Jimmy Yacabonis,2019,yacabji01,Pitcher,1
657141,Jordan Yamamoto,2019,yamamjo01,Pitcher,12
642232,Ryan Yarbrough,2019,yarbrry01,Pitcher,1
573262,Mike Yastrzemski,2019,yastrmi01,Batter,264
489446,Kirby Yates,2019,yateski01,Pitcher,2
592885,Christian Yelich,2019,yelicch01,Batter,2090
593679,Gabriel Ynoa,2019,ynoaga01,Pitcher,4
501255,Rafael Ynoa,2016,ynoara01,Batter,102
622065,Alex Young,2019,youngal01,Pitcher,7
432934,Chris Young,2017,youngch03,Pitcher,4
455759,Chris Young,2018,youngch04,Batter,662
430321,Delmon Young,2015,youngde03,Batter,145
458913,Eric Young,2018,younger03,Batter,228
657145,Mark Zagunis,2019,zagunma01,Batter,32
642239,Rob Zastryzny,2018,zastrro01,Pitcher,4
664874,Seby Zavala,2019,zavalse01,Batter,3
605548,Bradley Zimmer,2019,zimmebr01,Batter,268
475582,Ryan Zimmerman,2019,zimmery01,Batter,1353
519455,Jordan Zimmermann,2019,zimmejo02,Pitcher,52
450314,Ben Zobrist,2019,zobribe01,Batter,1737
572287,Mike Zunino,2019,zuninmi01,Batter,935
598284,Peter O'Brien,2019,obriepe01,Batter,1
425532,Jerome Williams,2016,willije01,Pitcher,1
518397,Scott Alexander,2019,alexasc02,Pitcher,1
150359,A. J. Burnett,2015,burnea.01,Pitcher,1
628329,Rusney Castillo,2016,castiru02,Batter,1
605200,Zach Davies,2019,davieza02,Pitcher,1
407822,Jorge De La Rosa,2018,rosajo01,Pitcher,1
285079,R. A. Dickey,2017,dicker.01,Pitcher,1
624407,Tzu-Wei Lin,2019,lintz02,Batter,1
621141,Walker Lockett,2019,lockewa01,Pitcher,1
593423,Frankie Montas,2019,montafr02,Pitcher,1
592596,Rico Noel,2015,noelri02,Batter,1
150229,A. J. Pierzynski,2016,pierza.01,Batter,1
642578,Jose Rodriguez,2019,rodrijo07,Pitcher,1
282332,CC Sabathia,2019,sabatc.01,Pitcher,1
607333,Beau Taylor,2019,taylobe11,Batter,1
592863,Mason Williams,2019,willima10,Batter,1
607776,Mac Williamson,2019,willima11,Batter,1
